title,address,city,state,postalCode,phone,phoneUnformatted,website,totalScore,reviewsCount,url,categoryName,categories,searchString,placeId
Taylor's Roofing,"108 Dr JA Wiltshire Ave, Lake Wales, FL 33853",Lake Wales,Florida,33853,(863) 676-2555,+18636762555,http://taylors-roofing.com/,4.8,121,https://www.google.com/maps/search/?api=1&query=Taylor's%20Roofing&query_place_id=ChIJYdx8pCUJ3YgR0uOnUHFcrkQ,Roofing contractor,Roofing contractor,roofing contractor,ChIJYdx8pCUJ3YgR0uOnUHFcrkQ
Elements Home Solutions Inc.,"2127 S 30th St, Haines City, FL 33844",Haines City,Florida,33844,(407) 946-1880,+14079461880,https://ehsflorida.com/,5,112,https://www.google.com/maps/search/?api=1&query=Elements%20Home%20Solutions%20Inc.&query_place_id=ChIJVfqXxOJ33YgRD9pBJf2RiU4,Roofing contractor,Roofing contractor|Solar energy company|Water damage restoration service,roofing contractor,ChIJVfqXxOJ33YgRD9pBJf2RiU4
Affordable Roofing (LLC),"5387 Baker Dairy Rd, Haines City, FL 33844",Haines City,Florida,33844,(863) 228-8232,+18632288232,https://affordableroofingllc.com/,5,87,https://www.google.com/maps/search/?api=1&query=Affordable%20Roofing%20(LLC)&query_place_id=ChIJhToqJzJ13YgRRRi4adIcIvc,Roofing contractor,Roofing contractor,roofing contractor,ChIJhToqJzJ13YgRRRi4adIcIvc
Mighty Dog Roofing of Central Florida,"200 Orange Co Cir, Winter Haven, FL 33881",Winter Haven,Florida,33881,(863) 766-2329,+18637662329,https://www.mightydogroofing.com/central-florida-fl/?utm_source=omg-gbp&utm_medium=webclick,4.9,169,https://www.google.com/maps/search/?api=1&query=Mighty%20Dog%20Roofing%20of%20Central%20Florida&query_place_id=ChIJcZ04eMs53YgRliK8mwUIUFo,Roofing contractor,Roofing contractor,roofing contractor,ChIJcZ04eMs53YgRliK8mwUIUFo
CH Evans Roofing,"5601 Cypress Gardens Rd, Winter Haven, FL 33884",Winter Haven,Florida,33884,(863) 220-7290,+18632207290,https://www.chevansroofingfl.com/roofing-company-winter-haven-fl/,4.9,118,https://www.google.com/maps/search/?api=1&query=CH%20Evans%20Roofing&query_place_id=ChIJK-P66kIN3YgRJ7vZ9el-LKU,Roofing contractor,Roofing contractor,roofing contractor,ChIJK-P66kIN3YgRJ7vZ9el-LKU
Ovando Roofing LLC,"414 Monroe Ln, Haines City, FL 33844",Haines City,Florida,33844,(407) 724-8717,+14077248717,http://ovandoroofing.com/,5,27,https://www.google.com/maps/search/?api=1&query=Ovando%20Roofing%20LLC&query_place_id=ChIJ0XXIHX9z3YgRu2pnHMB3SYo,Roofing contractor,Roofing contractor,roofing contractor,ChIJ0XXIHX9z3YgRu2pnHMB3SYo
TRROOFING LLC,"301 N 23rd St, Haines City, FL 33844",Haines City,Florida,33844,(863) 557-8452,+18635578452,http://trroofingllc.com/,5,12,https://www.google.com/maps/search/?api=1&query=TRROOFING%20LLC&query_place_id=ChIJj--H9rlz3YgRY_nsMbJMthw,Roofing contractor,Roofing contractor,roofing contractor,ChIJj--H9rlz3YgRY_nsMbJMthw
Menchaca Roofing,"118 E Stuart Ave Ste d, Lake Wales, FL 33853",Lake Wales,Florida,33853,(863) 412-1449,+18634121449,https://www.menchacaroofing.com/,5,16,https://www.google.com/maps/search/?api=1&query=Menchaca%20Roofing&query_place_id=ChIJ0xtJoOsN3YgR5hsjO2pobsA,Roofing contractor,Roofing contractor,roofing contractor,ChIJ0xtJoOsN3YgR5hsjO2pobsA
Mission Ready Roofing and Construction,"543 Ave K SE, Winter Haven, FL 33880",Winter Haven,Florida,33880,(863) 692-6278,+18636926278,https://www.missionrrc.com/,4.9,40,https://www.google.com/maps/search/?api=1&query=Mission%20Ready%20Roofing%20and%20Construction&query_place_id=ChIJbVWwXWUT3YgRhahzcRTdpWk,Roofing contractor,Roofing contractor,roofing contractor,ChIJbVWwXWUT3YgRhahzcRTdpWk
"Del Wolf Roofing, LLC","318 Hidden Lk Lp, Haines City, FL 33844",Haines City,Florida,33844,(833) 335-9653,+18333359653,https://www.delwolfroofing.com/,5,10,https://www.google.com/maps/search/?api=1&query=Del%20Wolf%20Roofing%2C%20LLC&query_place_id=ChIJpWk3oZ113YgRXUm_BtwpbFg,Roofing contractor,Roofing contractor,roofing contractor,ChIJpWk3oZ113YgRXUm_BtwpbFg
Squarebuilt Roofing & Construction,"2 N 1st St #209, Lake Wales, FL 33853",Lake Wales,Florida,33853,(863) 372-8458,+18633728458,https://squarebuiltco.com/?utm_source=google&utm_medium=organic&utm_campaign=gmb-primary-link,4.7,14,https://www.google.com/maps/search/?api=1&query=Squarebuilt%20Roofing%20%26%20Construction&query_place_id=ChIJgdevMmcJ3YgRcsevHXh-_jU,Roofing contractor,Roofing contractor|Construction company|Gutter cleaning service|Window installation service,roofing contractor,ChIJgdevMmcJ3YgRcsevHXh-_jU
FL Commercial Roofing,"375 E Central Ave #5A, Winter Haven, FL 33881",Winter Haven,Florida,33881,(863) 250-7060,+18632507060,https://flcommercialroofers.com/roofing-company-winter-haven-fl/,5,26,https://www.google.com/maps/search/?api=1&query=FL%20Commercial%20Roofing&query_place_id=ChIJjSQUn5cT3YgRC27SwKtujy4,Roofing contractor,Roofing contractor,roofing contractor,ChIJjSQUn5cT3YgRC27SwKtujy4
S&L ROOFING,"12395 Tupelo Ln, Lake Wales, FL 33898",Lake Wales,Florida,33898,(863) 605-9585,+18636059585,https://sites.google.com/view/slroofing/home,5,3,https://www.google.com/maps/search/?api=1&query=S%26L%20ROOFING&query_place_id=ChIJyyyB7y3sxU8R0BjzaG1Ve5A,Roofing contractor,Roofing contractor|Waterproofing service,roofing contractor,ChIJyyyB7y3sxU8R0BjzaG1Ve5A
RIG Roofing,"2001 Havendale Blvd NW, Winter Haven, FL 33881",Winter Haven,Florida,33881,(863) 294-4477,+18632944477,https://rigroofing.com/,4.8,650,https://www.google.com/maps/search/?api=1&query=RIG%20Roofing&query_place_id=ChIJs2-D_OIS3YgR_i2O9JyNybw,Roofing contractor,Roofing contractor|General contractor,roofing contractor,ChIJs2-D_OIS3YgR_i2O9JyNybw
"Central Florida Roofing, LLC","1027 Snively Ave, Winter Haven, FL 33880",Winter Haven,Florida,33880,(863) 293-3696,+18632933696,http://www.centralfloridaroofingllc.com/,4.5,59,https://www.google.com/maps/search/?api=1&query=Central%20Florida%20Roofing%2C%20LLC&query_place_id=ChIJx5ixhGJt3YgRpZlBt1JmqHE,Roofing contractor,Roofing contractor|Chimney services|Solar energy system service,roofing contractor,ChIJx5ixhGJt3YgRpZlBt1JmqHE
EZ Roofing Systems,"120 W Central Ave, Winter Haven, FL 33880",Winter Haven,Florida,33880,(863) 875-1033,+18638751033,http://www.ezroofingsystems.com/,4.8,26,https://www.google.com/maps/search/?api=1&query=EZ%20Roofing%20Systems&query_place_id=ChIJ-RXUkeYS3YgRvva0zhv951Y,Roofing contractor,Roofing contractor,roofing contractor,ChIJ-RXUkeYS3YgRvva0zhv951Y
Jurin Roofing Services Inc.,"29716 US-27, Dundee, FL 33838",Dundee,Florida,33838,(863) 422-3176,+18634223176,https://www.jurinroofingflorida.com/,,,https://www.google.com/maps/search/?api=1&query=Jurin%20Roofing%20Services%20Inc.&query_place_id=ChIJq6r6JdIM3YgROr-ynngNx1I,Roofing contractor,Roofing contractor,roofing contractor,ChIJq6r6JdIM3YgROr-ynngNx1I
A-Squared Construction & Roofing Company LLC.,"20 Lake Eloise Ln, Winter Haven, FL 33884",Winter Haven,Florida,33884,(863) 508-5740,+18635085740,https://topusafacts.top/details/asquared-construction-roofing-company-llc-ChIJ28U,5,4,https://www.google.com/maps/search/?api=1&query=A-Squared%20Construction%20%26%20Roofing%20Company%20LLC.&query_place_id=ChIJ28UxFlwT3YgR8zurwdimZ3g,Roofing contractor,Roofing contractor|General contractor,roofing contractor,ChIJ28UxFlwT3YgR8zurwdimZ3g
American Roofing FL,"415 20th St SW, Winter Haven, FL 33880",Winter Haven,Florida,33880,(863) 360-6804,+18633606804,https://www.americanroofingfl.com/,4.8,104,https://www.google.com/maps/search/?api=1&query=American%20Roofing%20FL&query_place_id=ChIJmaDIrXgT3YgRo6vrYBz0cxY,Roofing contractor,Roofing contractor,roofing contractor,ChIJmaDIrXgT3YgRo6vrYBz0cxY
1st Class Roofing Inc.,"5610 Lake Fox Cir, Winter Haven, FL 33884",Winter Haven,Florida,33884,(863) 875-3952,+18638753952,http://1stclassroofingincfl.com/,2.5,2,https://www.google.com/maps/search/?api=1&query=1st%20Class%20Roofing%20Inc.&query_place_id=ChIJfRNctzYN3YgRVRn9ckxRY4w,Roofing contractor,Roofing contractor,roofing contractor,ChIJfRNctzYN3YgRVRn9ckxRY4w
Merritt Roofing and Construction Inc,"300 Lake George Rd, Lake Alfred, FL 33850",Lake Alfred,Florida,33850,(863) 967-5711,+18639675711,https://merrittroofingpolk.com/?utm_source=Google&utm_medium=Organic&utm_campaign=GBP,3.8,41,https://www.google.com/maps/search/?api=1&query=Merritt%20Roofing%20and%20Construction%20Inc&query_place_id=ChIJZ3cYMp1r3YgRLVT3XhoMXZ0,Roofing contractor,Roofing contractor|Construction company|General contractor|Siding contractor|Window installation service,roofing company,ChIJZ3cYMp1r3YgRLVT3XhoMXZ0
Bob & Jerry's Roofing Inc.,"219 Orange St, Auburndale, FL 33823",Auburndale,Florida,33823,(863) 965-9595,+18639659595,https://www.bobandjerrys.com/,4.9,436,https://www.google.com/maps/search/?api=1&query=Bob%20%26%20Jerry's%20Roofing%20Inc.&query_place_id=ChIJud2Vzk9r3YgR25P-Uy77yvk,Roofing contractor,Roofing contractor|Contractor|Gutter cleaning service|Gutter service|Skylight contractor,roofing company,ChIJud2Vzk9r3YgR25P-Uy77yvk
Skyview Roofing Experts LLC,"221 6th St SW, Winter Haven, FL 33880",Winter Haven,Florida,33880,(863) 282-5107,+18632825107,https://www.skyviewroofingexperts.com/,5,38,https://www.google.com/maps/search/?api=1&query=Skyview%20Roofing%20Experts%20LLC&query_place_id=ChIJSQk0ubfqIiQR0EnS4kIHano,Roofing contractor,Roofing contractor,roofing company,ChIJSQk0ubfqIiQR0EnS4kIHano
Alberson's Tile Roof Glaze,"39 W Crystal Ave, Lake Wales, FL 33853",Lake Wales,Florida,33853,(863) 949-6245,+18639496245,http://www.hydro-sheen.com/,5,7,https://www.google.com/maps/search/?api=1&query=Alberson's%20Tile%20Roof%20Glaze&query_place_id=ChIJ3X77f8Nc54gRp-gIw-saDf4,Roofing contractor,Roofing contractor|Roofing supply store|Tile contractor|Tile store,roofing contractor,ChIJ3X77f8Nc54gRp-gIw-saDf4
"RSM Builders, Inc.","107 W Orange Ave, Lake Wales, FL 33853",Lake Wales,Florida,33853,(863) 589-5994,+18635895994,https://www.rsmbuilders.com/,4,4,https://www.google.com/maps/search/?api=1&query=RSM%20Builders%2C%20Inc.&query_place_id=ChIJEyjouKIJGYoRUegbQRI6Oxg,Roofing contractor,Roofing contractor|Bathroom remodeler|Building designer|Construction company|Deck builder|Kitchen remodeler,roofing contractor,ChIJEyjouKIJGYoRUegbQRI6Oxg
DBS Handyman Services & Roofing,"1455 Country Oaks Blvd, Lake Wales, FL 33898",Lake Wales,Florida,33898,(863) 514-2984,+18635142984,https://m.facebook.com/DBSrenovations/,5,4,https://www.google.com/maps/search/?api=1&query=DBS%20Handyman%20Services%20%26%20Roofing&query_place_id=ChIJpfhatWgL3YgRPsKsEXJSgso,Roofing contractor,Roofing contractor|Bathroom remodeler|Kitchen remodeler|Remodeler|Handyman/Handywoman/Handyperson,roofing contractor,ChIJpfhatWgL3YgRPsKsEXJSgso
Merritt Pressure Cleaning,"1209 W Lake Buckeye Dr, Winter Haven, FL 33881",Winter Haven,Florida,33881,(863) 294-3151,+18632943151,https://merrittpressurecleaning.com/,5,33,https://www.google.com/maps/search/?api=1&query=Merritt%20Pressure%20Cleaning&query_place_id=ChIJ42PNLEcT3YgRDSPZ6avkHjE,Pressure washing service,Pressure washing service|Gutter cleaning service|House cleaning service|Waterproofing service|Window cleaning service,roofing contractor,ChIJ42PNLEcT3YgRDSPZ6avkHjE
K.L. Smith Inc.,"2519 Buckskin Rd, Lakeland, FL 33801",Lakeland,Florida,33801,(863) 500-7611,+18635007611,https://klsmithinc.com/?src=google_mybusiness,4.9,315,https://www.google.com/maps/search/?api=1&query=K.L.%20Smith%20Inc.&query_place_id=ChIJm3z3DNM_3YgRnFJHwZeLOCQ,Roofing contractor,Roofing contractor,roofing company,ChIJm3z3DNM_3YgRnFJHwZeLOCQ
High Tower Roofing,"5302 Florida Ave S Ste 208, Lakeland, FL 33813",Lakeland,Florida,33813,(863) 334-3103,+18633343103,http://hightowerroofing.com/?utm_campaign=gmb,4.8,635,https://www.google.com/maps/search/?api=1&query=High%20Tower%20Roofing&query_place_id=ChIJ9Vxtdf073YgRlw_aFMY5a80,Roofing contractor,Roofing contractor,roofing company,ChIJ9Vxtdf073YgRlw_aFMY5a80
Stronghold Roofing,"1820 E Edgewood Dr, Lakeland, FL 33803",Lakeland,Florida,33803,(863) 400-3323,+18634003323,https://strongholdroofing.com/?utm_campaign=gmb&utm_medium=gmb&utm_source=google,4.8,470,https://www.google.com/maps/search/?api=1&query=Stronghold%20Roofing&query_place_id=ChIJW6T1iuE73YgR66VLy7O-gEE,Roofing contractor,Roofing contractor|Contractor,roofing company,ChIJW6T1iuE73YgR66VLy7O-gEE
RIG Roofing of Lakeland,"122 E Main St #173, Lakeland, FL 33801",Lakeland,Florida,33801,(863) 294-4477,+18632944477,https://rigroofing.com/service-area/polk-county/lakeland,4.8,212,https://www.google.com/maps/search/?api=1&query=RIG%20Roofing%20of%20Lakeland&query_place_id=ChIJs0WSiOk53YgRBeeWEHKPTiw,Roofing contractor,Roofing contractor|Contractor|General contractor,roofing company,ChIJs0WSiOk53YgRBeeWEHKPTiw
American Roofing and Construction FL LLC,"2219 31st St NW Ste B, Winter Haven, FL 33881",Winter Haven,Florida,33881,(863) 965-2727,+18639652727,https://americanroofing.construction/winter-haven/,4.9,38,https://www.google.com/maps/search/?api=1&query=American%20Roofing%20and%20Construction%20FL%20LLC&query_place_id=ChIJD5acG9cT3YgRT5-f77vVnnA,Roofing contractor,Roofing contractor|Construction company,roofing company,ChIJD5acG9cT3YgRT5-f77vVnnA
Straight Forward Construction,"305 Gandy Rd, Auburndale, FL 33823",Auburndale,Florida,33823,(863) 289-6654,+18632896654,https://straightforwardconstruction.com/?utm_source=google&utm_medium=business_profile&utm_campaign=website,4.9,124,https://www.google.com/maps/search/?api=1&query=Straight%20Forward%20Construction&query_place_id=ChIJO-mNceTn56IRvZUI0jA0tW4,Roofing contractor,Roofing contractor|Construction company|Gutter service,roofing company,ChIJO-mNceTn56IRvZUI0jA0tW4
Central Florida Exterior Inc.,"1324 Olive St, Lakeland, FL 33815",Lakeland,Florida,33815,(813) 478-9229,+18134789229,https://cfexterior.com/,4.7,80,https://www.google.com/maps/search/?api=1&query=Central%20Florida%20Exterior%20Inc.&query_place_id=ChIJXzVMjuo43YgRYHlZ5LOresQ,Roofing contractor,Roofing contractor,roofing company,ChIJXzVMjuo43YgRYHlZ5LOresQ
Priority Roofing,"4460 Florida National Dr Suite 4460-2, Lakeland, FL 33813",Lakeland,Florida,33813,(863) 701-4746,+18637014746,https://priorityroofs.com/location/lakeland/,4.9,116,https://www.google.com/maps/search/?api=1&query=Priority%20Roofing&query_place_id=ChIJT8mR1ok53YgRw2egCUXhGik,Roofing contractor,Roofing contractor,roofing company,ChIJT8mR1ok53YgRw2egCUXhGik
Robert Binns Roofing Inc.,"5918 E County Rd 542 W, Winter Haven, FL 33880",Winter Haven,Florida,33880,(863) 576-4065,+18635764065,https://www.robertbinnsroofing.com/,4.4,90,https://www.google.com/maps/search/?api=1&query=Robert%20Binns%20Roofing%20Inc.&query_place_id=ChIJ06_SlsIU3YgRB_XXIxAtAEM,Roofing contractor,Roofing contractor|Metal fabricator|Sheet metal contractor,roofing company,ChIJ06_SlsIU3YgRB_XXIxAtAEM
Pitch Perfect Roofing Systems,"120 S Woodlawn Ave, Bartow, FL 33830",Bartow,Florida,33830,(863) 205-4664,+18632054664,http://www.pitchperfectroofer.com/,4.9,70,https://www.google.com/maps/search/?api=1&query=Pitch%20Perfect%20Roofing%20Systems&query_place_id=ChIJAy8ObZoX3YgRHe1vPRLWEl4,Roofing contractor,Roofing contractor,roofing company,ChIJAy8ObZoX3YgRHe1vPRLWEl4
Statewide Roofing & Sheet Metal Inc.,"851 Plateau Ave, Lakeland, FL 33815",Lakeland,Florida,33815,(863) 686-1451,+18636861451,http://www.swrflorida.com/,4.8,42,https://www.google.com/maps/search/?api=1&query=Statewide%20Roofing%20%26%20Sheet%20Metal%20Inc.&query_place_id=ChIJMwJqs_E43YgRQ23ynDEX-f0,Roofing contractor,Roofing contractor,roofing company,ChIJMwJqs_E43YgRQ23ynDEX-f0
Ray's Roofing of Central Florida INC,"807 Braddock Rd, Auburndale, FL 33823",Auburndale,Florida,33823,(863) 967-3170,+18639673170,http://raysroofing.org/,4.2,49,https://www.google.com/maps/search/?api=1&query=Ray's%20Roofing%20of%20Central%20Florida%20INC&query_place_id=ChIJlwdJu6pr3YgRPp6WSb86VkQ,Roofing contractor,Roofing contractor,roofing company,ChIJlwdJu6pr3YgRPp6WSb86VkQ
RK Roofing and Sheet Metal,"5105 Recker Hwy, Winter Haven, FL 33880",Winter Haven,Florida,33880,(863) 875-2275,+18638752275,https://rkroofingfl.com/,4.5,44,https://www.google.com/maps/search/?api=1&query=RK%20Roofing%20and%20Sheet%20Metal&query_place_id=ChIJ8w_Q6D-21iMRKHY2VFmUBDk,Roofing contractor,Roofing contractor,roofing company,ChIJ8w_Q6D-21iMRKHY2VFmUBDk
America Top Roofing,"2420 N Crystal Lake Dr Ste 204, Lakeland, FL 33801",Lakeland,Florida,33801,(863) 733-2171,+18637332171,https://americatoproofing.com/,5,84,https://www.google.com/maps/search/?api=1&query=America%20Top%20Roofing&query_place_id=ChIJ7xdWJthAwEwRxlN3TZOO_Ec,Roofing contractor,Roofing contractor,roofing company,ChIJ7xdWJthAwEwRxlN3TZOO_Ec
"Budget Roofing Service, Inc.","5011 Recker Hwy, Winter Haven, FL 33880",Winter Haven,Florida,33880,(863) 967-6675,+18639676675,https://budgetroofingservice.com/,4.6,59,https://www.google.com/maps/search/?api=1&query=Budget%20Roofing%20Service%2C%20Inc.&query_place_id=ChIJF3b6E6EU3YgRFpgQA_2e69Y,Roofing contractor,Roofing contractor|Gutter service|Waterproofing service,roofing company,ChIJF3b6E6EU3YgRFpgQA_2e69Y
5 Star Services of Polk County,"338 Recker Hwy, Auburndale, FL 33823",Auburndale,Florida,33823,(863) 241-1400,+18632411400,,4.7,12,https://www.google.com/maps/search/?api=1&query=5%20Star%20Services%20of%20Polk%20County&query_place_id=ChIJLUhzinkV3YgRJ25_2Z5s-RI,Roofing contractor,Roofing contractor,roofing company,ChIJLUhzinkV3YgRJ25_2Z5s-RI
"Gator Roof Systems and Construction, Inc.","1111 6th St SW, Winter Haven, FL 33880",Winter Haven,Florida,33880,(863) 216-6337,+18632166337,https://www.gatorroofsystems.com/,5,27,https://www.google.com/maps/search/?api=1&query=Gator%20Roof%20Systems%20and%20Construction%2C%20Inc.&query_place_id=ChIJzw0aQm61Ba4RMhLosxbv9xE,Roofing contractor,Roofing contractor,roofing company,ChIJzw0aQm61Ba4RMhLosxbv9xE
Providencia Roofing & Construction,"120 W Central Ave Ste 13, Winter Haven, FL 33880",Winter Haven,Florida,33880,(863) 304-1312,+18633041312,https://www.providenciaroofingconstruction.com/,5,29,https://www.google.com/maps/search/?api=1&query=Providencia%20Roofing%20%26%20Construction&query_place_id=ChIJI8LuUzMtGEkRtG9u732b0Hc,Roofing contractor,Roofing contractor,roofing company,ChIJI8LuUzMtGEkRtG9u732b0Hc
"WCM Construction & Roofing, LLC","35 Don Polston Dr suite b, Eagle Lake, FL 33839",Eagle Lake,Florida,33839,(863) 969-3722,+18639693722,https://www.warrencm.com/,4.8,34,https://www.google.com/maps/search/?api=1&query=WCM%20Construction%20%26%20Roofing%2C%20LLC&query_place_id=ChIJq6rGaOoT3YgR3Uev5hhUvok,Roofing contractor,Roofing contractor|Construction company,roofing company,ChIJq6rGaOoT3YgR3Uev5hhUvok
Goff Roof Systems,"1725 E Gary Rd, Lakeland, FL 33801",Lakeland,Florida,33801,(863) 680-1748,+18636801748,https://goffroofsystems.com/,4.6,54,https://www.google.com/maps/search/?api=1&query=Goff%20Roof%20Systems&query_place_id=ChIJyYC0QWg_3YgRUODkjH2w1VM,Roofing contractor,Roofing contractor|Gutter cleaning service|Gutter service,roofing company,ChIJyYC0QWg_3YgRUODkjH2w1VM
Olympus Roofing,"1190 Old Lake Alfred Rd Unit 1206, Auburndale, FL 33823",Auburndale,Florida,33823,(863) 232-6941,+18632326941,http://olympusroofing.org/,5,10,https://www.google.com/maps/search/?api=1&query=Olympus%20Roofing&query_place_id=ChIJFW8J3dJt3YgRY0Tru9Fwqx0,Roofing contractor,Roofing contractor,roofing company,ChIJFW8J3dJt3YgRY0Tru9Fwqx0
West Orange Roofing,"926 Magnolia Ave, Auburndale, FL 33823",Auburndale,Florida,33823,(863) 965-8920,+18639658920,https://www.westorangeroofing.com/?UTM_source=GMB_listing&UTM_medium=organic,4.6,42,https://www.google.com/maps/search/?api=1&query=West%20Orange%20Roofing&query_place_id=ChIJzwBePUxr3YgR_xLNsdc1YeM,Roofing contractor,Roofing contractor,roofing company,ChIJzwBePUxr3YgR_xLNsdc1YeM
Quick Roofing - Central FL,"2335 Commerce Point Dr #160, Lakeland, FL 33801",Lakeland,Florida,33801,(863) 201-6025,+18632016025,http://www.quickroofing.com/,4.5,59,https://www.google.com/maps/search/?api=1&query=Quick%20Roofing%20-%20Central%20FL&query_place_id=ChIJj4gRz5453YgROETVTwWgdyI,Roofing contractor,Roofing contractor|Contractor|Siding contractor,roofing company,ChIJj4gRz5453YgROETVTwWgdyI
"Wood's Roofing & Remodeling, LLC","1080 80 Foot Rd, Bartow, FL 33830",Bartow,Florida,33830,(863) 513-7775,+18635137775,https://www.woodsroofinglakeland.com/,4.3,21,https://www.google.com/maps/search/?api=1&query=Wood's%20Roofing%20%26%20Remodeling%2C%20LLC&query_place_id=ChIJydq6wmIR3YgRlk3lhdHL5f4,Roofing contractor,Roofing contractor,roofing company,ChIJydq6wmIR3YgRlk3lhdHL5f4
Bennett Construction & Roofing,"1211 6th St SW, Winter Haven, FL 33880",Winter Haven,Florida,33880,(863) 293-2512,+18632932512,http://www.bennettconstructionandroofing.com/,4.3,6,https://www.google.com/maps/search/?api=1&query=Bennett%20Construction%20%26%20Roofing&query_place_id=ChIJu21x4_0S3YgRh5_wPOHzApk,Roofing contractor,Roofing contractor|Construction company,roofing company,ChIJu21x4_0S3YgRh5_wPOHzApk
A.O. Roofing Services,"3535 Lake Alfred Rd, Winter Haven, FL 33881",Winter Haven,Florida,33881,(863) 656-4258,+18636564258,https://aoroofingservices.com/,5,14,https://www.google.com/maps/search/?api=1&query=A.O.%20Roofing%20Services&query_place_id=ChIJe22KkbNt3YgRIrz-gKIWspA,Roofing contractor,Roofing contractor,roofing company,ChIJe22KkbNt3YgRIrz-gKIWspA
"Ring Roofing, Inc.","1329 E Main St, Lakeland, FL 33801",Lakeland,Florida,33801,(863) 337-5139,+18633375139,https://ringroofinginc.com/,4.3,60,https://www.google.com/maps/search/?api=1&query=Ring%20Roofing%2C%20Inc.&query_place_id=ChIJeR1oZFA_3YgRYKg4TnhbFbA,Roofing contractor,Roofing contractor|Building restoration service,roofing company,ChIJeR1oZFA_3YgRYKg4TnhbFbA
Milam Roofing Co,"Old Auburndale Rd, Auburndale, FL 33823",Auburndale,Florida,33823,(863) 967-1470,+18639671470,http://melgiannotti31.wix.com/mysite,4,4,https://www.google.com/maps/search/?api=1&query=Milam%20Roofing%20Co&query_place_id=ChIJt1rgCVBr3YgRPm7nj7PDN8c,Roofing contractor,Roofing contractor,roofing company,ChIJt1rgCVBr3YgRPm7nj7PDN8c
Copeland's Complete Construction LLC,"1048 1/2 US-92, Auburndale, FL 33823",Auburndale,Florida,33823,(863) 213-0543,+18632130543,https://www.copelandscompleteconstruction.com/,5,177,https://www.google.com/maps/search/?api=1&query=Copeland's%20Complete%20Construction%20LLC&query_place_id=ChIJr_GUS85r3YgRH7iEslh5-E4,Roofing contractor,Roofing contractor|Construction company|Custom home builder|General contractor|Gutter service|Home builder|Remodeler,roofing company,ChIJr_GUS85r3YgRH7iEslh5-E4
W.D. Hutchinson Roofing LLC,"1717 W Memorial Blvd, Lakeland, FL 33815",Lakeland,Florida,33815,(863) 686-3300,+18636863300,,5,29,https://www.google.com/maps/search/?api=1&query=W.D.%20Hutchinson%20Roofing%20LLC&query_place_id=ChIJdVhcaJo43YgRxeiA3JPTl34,Roofing contractor,Roofing contractor,roofing company,ChIJdVhcaJo43YgRxeiA3JPTl34
Eagle Roofing Systems LLC,"16 Alabama Ln, Auburndale, FL 33823",Auburndale,Florida,33823,(863) 662-3166,+18636623166,http://www.eagleroofingsys.com/,5,12,https://www.google.com/maps/search/?api=1&query=Eagle%20Roofing%20Systems%20LLC&query_place_id=ChIJYyq_Hqlr3YgRkd7RXVI1rzw,Roofing contractor,Roofing contractor,roofing company,ChIJYyq_Hqlr3YgRkd7RXVI1rzw
High Tower Roofing,"524 S Combee Rd, Lakeland, FL 33801",Lakeland,Florida,33801,(863) 344-5334,+18633445334,https://www.hightowerroofing.com/?utm_campaign=gmb,5,10,https://www.google.com/maps/search/?api=1&query=High%20Tower%20Roofing&query_place_id=ChIJ90SlRrI_3YgRd-rjOkQX1uw,Roofing contractor,Roofing contractor,roofing company,ChIJ90SlRrI_3YgRd-rjOkQX1uw
Harrison Roofing,"321 Orange St, Auburndale, FL 33823",Auburndale,Florida,33823,(863) 965-8513,+18639658513,,3,2,https://www.google.com/maps/search/?api=1&query=Harrison%20Roofing&query_place_id=ChIJXfkJ2gJr3YgRVBdLDMwzpic,Roofing contractor,Roofing contractor,roofing company,ChIJXfkJ2gJr3YgRVBdLDMwzpic
Mike Lombard & Son Roofing,"Lakeland, FL 33805",Lakeland,Florida,33805,(863) 289-5324,+18632895324,http://www.mlsroofs.com/,4.6,39,https://www.google.com/maps/search/?api=1&query=Mike%20Lombard%20%26%20Son%20Roofing&query_place_id=ChIJo4yBwadp3YgR-36NlUlVNOE,Roofing contractor,Roofing contractor,roofing company,ChIJo4yBwadp3YgR-36NlUlVNOE
Stormwall Roofing,"1065 Florida Ave S, Lakeland, FL 33803",Lakeland,Florida,33803,(863) 937-9774,+18639379774,https://stormwallroofing.com/,5,5,https://www.google.com/maps/search/?api=1&query=Stormwall%20Roofing&query_place_id=ChIJG_8HW1Y53YgRokMoc3J6Ob8,Roofing contractor,Roofing contractor|Siding contractor,roofing company,ChIJG_8HW1Y53YgRokMoc3J6Ob8
Chisholm Trail Roofing & Construction Florida,"4953 Southfork Dr, Lakeland, FL 33813",Lakeland,Florida,33813,(813) 515-0449,+18135150449,,5,10,https://www.google.com/maps/search/?api=1&query=Chisholm%20Trail%20Roofing%20%26%20Construction%20Florida&query_place_id=ChIJC7S2HFc53YgRMGw2q_CdUqY,Roofing contractor,Roofing contractor,roofing company,ChIJC7S2HFc53YgRMGw2q_CdUqY
Coppertop Construction & Roofing,"2718 S Combee Rd, Lakeland, FL 33803",Lakeland,Florida,33803,(863) 537-1330,+18635371330,https://coppertopconstructionfl.com/,4.8,29,https://www.google.com/maps/search/?api=1&query=Coppertop%20Construction%20%26%20Roofing&query_place_id=ChIJzYQeJpA_3YgRgVBpVhyn-7o,Contractor,Contractor,roofing company,ChIJzYQeJpA_3YgRgVBpVhyn-7o
Lakeland Roofing Solutions,"304 E Pine St #1211, Lakeland, FL 33801",Lakeland,Florida,33801,(407) 490-2459,+14074902459,http://www.lakelandroofingsolutions.com/,5,2,https://www.google.com/maps/search/?api=1&query=Lakeland%20Roofing%20Solutions&query_place_id=ChIJSXkd8js53YgRmi0V6zBumGo,Roofing contractor,Roofing contractor,roofing company,ChIJSXkd8js53YgRmi0V6zBumGo
Harper Roofing Fl,"1420 Florida Ave S Ste 2, Lakeland, FL 33803",Lakeland,Florida,33803,(863) 250-7663,+18632507663,https://harperroofingfl.com/,5,8,https://www.google.com/maps/search/?api=1&query=Harper%20Roofing%20Fl&query_place_id=ChIJ1_s_MlM53YgRK-TGtK_68xs,Roofing contractor,Roofing contractor,roofing company,ChIJ1_s_MlM53YgRK-TGtK_68xs
Springer Peterson Roofing,"4410 Maine Ave, Lakeland, FL 33801",Lakeland,Florida,33801,(800) 244-1163,+18002441163,https://springerpeterson.com/,3.6,38,https://www.google.com/maps/search/?api=1&query=Springer%20Peterson%20Roofing&query_place_id=ChIJB26b1Sw-3YgRo4-4u5mj9_o,Roofing contractor,Roofing contractor|Welder,roofing company,ChIJB26b1Sw-3YgRo4-4u5mj9_o
High Tower Roofing,"65 3rd St NW, Winter Haven, FL 33881",Winter Haven,Florida,33881,(863) 400-3196,+18634003196,https://www.hightowerroofing.com/,5,4,https://www.google.com/maps/search/?api=1&query=High%20Tower%20Roofing&query_place_id=ChIJxTSGZdQT3YgRgMxs5LEc0K8,Roofing contractor,Roofing contractor,roofing company,ChIJxTSGZdQT3YgRgMxs5LEc0K8
Polk County Gutters Company,"122 E Main St #121, Lakeland, FL 33801",Lakeland,Florida,33801,(863) 343-2761,+18633432761,https://polkcountygutterscompany.com/,5,35,https://www.google.com/maps/search/?api=1&query=Polk%20County%20Gutters%20Company&query_place_id=ChIJE42Ry4c53YgRNqSRlQm2mB8,Roofing contractor,Roofing contractor|Gutter cleaning service|Gutter service|Sheet metal contractor|Waterproofing service,roofing company,ChIJE42Ry4c53YgRNqSRlQm2mB8
Quality Plus Roofing & Solar,"1012 W Beacon Rd Ste 102, Lakeland, FL 33803",Lakeland,Florida,33803,(813) 797-9590,+18137979590,https://qualityplusroofing-solar.com/,4.8,19,https://www.google.com/maps/search/?api=1&query=Quality%20Plus%20Roofing%20%26%20Solar&query_place_id=ChIJwRxCrbA53YgR3oxBOAlD_88,Roofing contractor,Roofing contractor,roofing company,ChIJwRxCrbA53YgR3oxBOAlD_88
Harrison Roofing Inc.,"6094 Topher Trail, Mulberry, FL 33860",Mulberry,Florida,33860,(863) 514-0385,+18635140385,,1,1,https://www.google.com/maps/search/?api=1&query=Harrison%20Roofing%20Inc.&query_place_id=ChIJFUHlXa873YgR13eXba5tNRU,Roofing contractor,Roofing contractor,roofing company,ChIJFUHlXa873YgR13eXba5tNRU
Veterans Roofing & Property Maintenance,"2770 Recker Hwy, Winter Haven, FL 33880",Winter Haven,Florida,33880,(844) 824-0856,+18448240856,https://www.vetroofpm.com/,5,7,https://www.google.com/maps/search/?api=1&query=Veterans%20Roofing%20%26%20Property%20Maintenance&query_place_id=ChIJpY4zLKoT3YgRIyp5Ib9jCFc,Construction company,Construction company,roofing company,ChIJpY4zLKoT3YgRIyp5Ib9jCFc
S & S Roofing of Central Florida Inc,"4749 US-92 E, Lakeland, FL 33801",Lakeland,Florida,33801,(863) 209-2646,+18632092646,,3.3,12,https://www.google.com/maps/search/?api=1&query=S%20%26%20S%20Roofing%20of%20Central%20Florida%20Inc&query_place_id=ChIJi-ML0WGf3YgRFOSyxSJHEGw,Roofing contractor,Roofing contractor,roofing company,ChIJi-ML0WGf3YgRFOSyxSJHEGw
Color Verse Roofers,"511 Ave F NW, Winter Haven, FL 33881",Winter Haven,Florida,33881,(863) 509-5237,+18635095237,https://sites.google.com/view/colorverseroofers/home,5,7,https://www.google.com/maps/search/?api=1&query=Color%20Verse%20Roofers&query_place_id=ChIJM9koP4kT3YgRH11ydk7fySI,Roofing contractor,Roofing contractor,roofing company,ChIJM9koP4kT3YgRH11ydk7fySI
Haverty's Roof Cleaning,"2406 Fairmount Ave, Lakeland, FL 33803",Lakeland,Florida,33803,(863) 944-6814,+18639446814,http://www.havertysroofcleaning.com/,4.7,26,https://www.google.com/maps/search/?api=1&query=Haverty's%20Roof%20Cleaning&query_place_id=ChIJA8Fl7NU-3YgR7KizR_Ko0pY,Roofing contractor,Roofing contractor,roofing company,ChIJA8Fl7NU-3YgR7KizR_Ko0pY
Lakeland Roofing Guys,"1637 Shepherd Rd, Lakeland, FL 33811",Lakeland,Florida,33811,(863) 591-8826,+18635918826,http://www.roofing-lakeland.com/,5,1,https://www.google.com/maps/search/?api=1&query=Lakeland%20Roofing%20Guys&query_place_id=ChIJR-NoNQE73YgROIJ07vVF9_Q,Roofing contractor,Roofing contractor,roofing company,ChIJR-NoNQE73YgROIJ07vVF9_Q
Complete Roofing and Construction,"4411 US-92, Lakeland, FL 33801",Lakeland,Florida,33801,(863) 583-4963,+18635834963,https://www.owenscorning.com/en-us/roofing/contractors/contractor-profile/215587,5,2,https://www.google.com/maps/search/?api=1&query=Complete%20Roofing%20and%20Construction&query_place_id=ChIJ-X8mtPw_3YgRdT6IcLGbDqw,Roofing contractor,Roofing contractor,roofing company,ChIJ-X8mtPw_3YgRdT6IcLGbDqw
Bartow Roofing Experts,"510 E Main St, Bartow, FL 33830",Bartow,Florida,33830,(863) 312-7110,+18633127110,,5,6,https://www.google.com/maps/search/?api=1&query=Bartow%20Roofing%20Experts&query_place_id=ChIJH_M8icU83YgRwIKNc-ln7oc,Roofing contractor,Roofing contractor|Construction company|Siding contractor,roofing company,ChIJH_M8icU83YgRwIKNc-ln7oc
Integrity Homes & Construction Inc.,"207 E Bridgers Ave, Auburndale, FL 33823",Auburndale,Florida,33823,(863) 551-1701,+18635511701,https://integrityhomesconstructionandroofing.com/,4.5,53,https://www.google.com/maps/search/?api=1&query=Integrity%20Homes%20%26%20Construction%20Inc.&query_place_id=ChIJzasVD1dr3YgR51DpRFjr51U,Roofing contractor,Roofing contractor|Bathroom remodeler|Construction company|Custom home builder|Kitchen remodeler|Remodeler|Home builder,roofing company,ChIJzasVD1dr3YgR51DpRFjr51U
DBR Construction LLC,"1725 George Jenkins Blvd Ste B, Lakeland, FL 33815",Lakeland,Florida,33815,(863) 602-4200,+18636024200,http://dbrconstructionllc.com/?utm_source=gmb&utm_medium=referral,4.9,110,https://www.google.com/maps/search/?api=1&query=DBR%20Construction%20LLC&query_place_id=ChIJDQPQUEw_3YgR_c2c1wjQeLA,Roofing contractor,Roofing contractor|Construction company|Excavating contractor|Fire damage restoration service|General contractor|Water damage restoration service,roofing company,ChIJDQPQUEw_3YgR_c2c1wjQeLA
Lakeland Roofing Consultants,"825 E Main St #210, Lakeland, FL 33801",Lakeland,Florida,33801,(863) 279-4604,+18632794604,https://lakelandroofingconsultants.com/,5,1,https://www.google.com/maps/search/?api=1&query=Lakeland%20Roofing%20Consultants&query_place_id=ChIJxdmAYUk_3YgR0PV4BU56xAM,Roofing contractor,Roofing contractor,roofing company,ChIJxdmAYUk_3YgR0PV4BU56xAM
"Paradise Roofing & General Contracting, LLC","240 Old Bartow Eagle Lake Rd, Bartow, FL 33830",Bartow,Florida,33830,(863) 213-4028,+18632134028,https://www.anotherdayinparadisefl.com/contact-us,5,1,https://www.google.com/maps/search/?api=1&query=Paradise%20Roofing%20%26%20General%20Contracting%2C%20LLC&query_place_id=ChIJ0dXqX7YX3YgRMmRN8EvHDqs,,,roofing company,ChIJ0dXqX7YX3YgRMmRN8EvHDqs
"The Dantzler Group, Inc.","332 Ave B SW 300 31, Winter Haven, FL 33880",Winter Haven,Florida,33880,(863) 210-2803,+18632102803,https://dantzlergroup.com/,4.8,68,https://www.google.com/maps/search/?api=1&query=The%20Dantzler%20Group%2C%20Inc.&query_place_id=ChIJwR2G8AcT3YgRfHN1exQstGk,Roofing contractor,Roofing contractor|Bathroom remodeler|General contractor|Kitchen remodeler,roofing company,ChIJwR2G8AcT3YgRfHN1exQstGk
Roofing Contractors Lakeland,"2901 Brooks St, Lakeland, FL 33803",Lakeland,Florida,33803,(863) 431-8550,+18634318550,,,,https://www.google.com/maps/search/?api=1&query=Roofing%20Contractors%20Lakeland&query_place_id=ChIJWXoQwpY_3YgRPNhCAAxwfTk,Roofing contractor,Roofing contractor|Sheet metal contractor|Siding contractor|Window installation service,roofing company,ChIJWXoQwpY_3YgRPNhCAAxwfTk
R F Lusa & Sons Sheet Metal,"1724 Fairbanks St, Lakeland, FL 33805",Lakeland,Florida,33805,(863) 682-0798,+18636820798,http://rflusa.com/,4.5,21,https://www.google.com/maps/search/?api=1&query=R%20F%20Lusa%20%26%20Sons%20Sheet%20Metal&query_place_id=ChIJwVXnImJH3YgRbywakrWGcqI,Roofing contractor,Roofing contractor,roofing company,ChIJwVXnImJH3YgRbywakrWGcqI
R.I.G. Roofing & Construction Inc,"355 5th St SW, Winter Haven, FL 33880",Winter Haven,Florida,33880,(863) 294-4477,+18632944477,,5,3,https://www.google.com/maps/search/?api=1&query=R.I.G.%20Roofing%20%26%20Construction%20Inc&query_place_id=ChIJT7Xl-50T3YgRahGuzcZdkr0,Roofing contractor,Roofing contractor|Contractor|Swimming pool repair service,roofing company,ChIJT7Xl-50T3YgRahGuzcZdkr0
ROOF REPAIR TECH LLC,"6237 Ashley Dr, Lakeland, FL 33813",Lakeland,Florida,33813,(863) 437-4502,+18634374502,http://roofingcompany.lol/,,,https://www.google.com/maps/search/?api=1&query=ROOF%20REPAIR%20TECH%20LLC&query_place_id=ChIJ6y23hCw93YgRMDF96DHXUsQ,Roofing contractor,Roofing contractor,roofing company,ChIJ6y23hCw93YgRMDF96DHXUsQ
Florida First Roofing,"3187 US Hwy 98 N, Lakeland, FL 33805",Lakeland,Florida,33805,(863) 451-8515,+18634518515,,5,3,https://www.google.com/maps/search/?api=1&query=Florida%20First%20Roofing&query_place_id=ChIJ8xv1XdY7wokRHsSWd4l-Xds,Roofing contractor,Roofing contractor|Contractor,roofing company,ChIJ8xv1XdY7wokRHsSWd4l-Xds
BNF Roofing,"110 S Lake Ave #2, Lakeland, FL 33801",Lakeland,Florida,33801,(863) 250-2567,+18632502567,https://bnfroofing.com/lakeland-fl/,5,1,https://www.google.com/maps/search/?api=1&query=BNF%20Roofing&query_place_id=ChIJcSWNhYs_3YgRHo3DtVHZTJI,Roofing contractor,Roofing contractor,roofing company,ChIJcSWNhYs_3YgRHo3DtVHZTJI
Weathertek Roofing and Concrete,"304 E Pine St, Lakeland, FL 33801",Lakeland,Florida,33801,(863) 290-7643,+18632907643,https://weathertekroofingfl.com/,5,3,https://www.google.com/maps/search/?api=1&query=Weathertek%20Roofing%20and%20Concrete&query_place_id=ChIJg-aQNPU53YgRmsayXzXRunM,Roofing contractor,Roofing contractor|Concrete contractor,roofing company,ChIJg-aQNPU53YgRmsayXzXRunM
JDM Roof Restoration,"103 Oak Square N, Lakeland, FL 33813",Lakeland,Florida,33813,(863) 604-9387,+18636049387,https://jdmroofrestoration.com/,5,94,https://www.google.com/maps/search/?api=1&query=JDM%20Roof%20Restoration&query_place_id=ChIJ87cJHHHaoi4RTIFADOT5aBo,Pressure washing service,Pressure washing service,roofing company,ChIJ87cJHHHaoi4RTIFADOT5aBo
Aura Edge Roofers,"105 N Kentucky Ave, Lakeland, FL 33801",Lakeland,Florida,33801,(863) 867-1973,+18638671973,https://sites.google.com/view/aura-edge-roofers/home,5,3,https://www.google.com/maps/search/?api=1&query=Aura%20Edge%20Roofers&query_place_id=ChIJxxgW-2053YgR-NQcFEr5ixk,Roofing contractor,Roofing contractor,roofing company,ChIJxxgW-2053YgR-NQcFEr5ixk
KTM Exteriors,"3635 US-92, Lakeland, FL 33801",Lakeland,Florida,33801,(863) 703-7004,+18637037004,https://ktmroofs.com/?utm_source=google&utm_medium=localpack&utm_campaign=gmb_traffic&utm_term=gmb_organic,5,16,https://www.google.com/maps/search/?api=1&query=KTM%20Exteriors&query_place_id=ChIJFfb_egg_3YgRG5qVVfik8S4,Roofing contractor,Roofing contractor|Siding contractor|Skylight contractor|Window installation service,roofing company,ChIJFfb_egg_3YgRG5qVVfik8S4
A.O. Wagner Construction,"3535 Lake Alfred Rd, Winter Haven, FL 33881",Winter Haven,Florida,33881,(863) 299-4444,+18632994444,https://aowagnerfl.com/,4.6,15,https://www.google.com/maps/search/?api=1&query=A.O.%20Wagner%20Construction&query_place_id=ChIJ__97TCht3YgRvuwkBhLXA6I,Roofing contractor,Roofing contractor|Contractor|General contractor|Metal construction company|Construction company|Steel erector,roofing company,ChIJ__97TCht3YgRvuwkBhLXA6I
Polk Roofing,"6000 Florida Ave S #7638, Lakeland, FL 33813",Lakeland,Florida,33813,(863) 225-4599,+18632254599,,1,1,https://www.google.com/maps/search/?api=1&query=Polk%20Roofing&query_place_id=ChIJqetwO-E73YgR9586zpu_kG0,Roofing contractor,Roofing contractor,roofing company,ChIJqetwO-E73YgR9586zpu_kG0
DMAV Roofing Contractor Of Lakeland,"1712 Atlanta Ct, Lakeland, FL 33803",Lakeland,Florida,33803,(321) 966-2232,+13219662232,,4,4,https://www.google.com/maps/search/?api=1&query=DMAV%20Roofing%20Contractor%20Of%20Lakeland&query_place_id=ChIJ4eFVecQ_3YgRSflLm59jhjU,Roofing contractor,Roofing contractor,roofing company,ChIJ4eFVecQ_3YgRSflLm59jhjU
Rhodes Roof Cleaning,"3126 Panther Dr, Lakeland, FL 33812",Lakeland,Florida,33812,(863) 660-2569,+18636602569,http://www.rhodesroofcleaning.com/,4.6,15,https://www.google.com/maps/search/?api=1&query=Rhodes%20Roof%20Cleaning&query_place_id=ChIJNZQFWtE93YgRk6sY5Lm86eA,Pressure washing service,Pressure washing service,roofing company,ChIJNZQFWtE93YgRk6sY5Lm86eA
Valor Roofing Company,"500 Florida Ave S 4th floor ste 487, Lakeland, FL 33801",Lakeland,Florida,33801,(863) 282-2428,+18632822428,https://valorroofingcompany.com/locations/lakeland-fl/?utm_source=google&utm_medium=organic&utm_campaign=gmb&utm_content=lakeland-fl,,,https://www.google.com/maps/search/?api=1&query=Valor%20Roofing%20Company&query_place_id=ChIJI_JcAzA53YgRsGlOBHQsRLg,Roofing contractor,Roofing contractor,roofing company,ChIJI_JcAzA53YgRsGlOBHQsRLg
florida state certified roofing,"6021 Florida Ave S, Lakeland, FL 33813",Lakeland,Florida,33813,(863) 777-1027,+18637771027,,5,2,https://www.google.com/maps/search/?api=1&query=florida%20state%20certified%20roofing&query_place_id=ChIJqUvho2073YgRPJ0jN3Wl5mQ,Roofing contractor,Roofing contractor|Construction company|Roofing supply store,roofing company,ChIJqUvho2073YgRPJ0jN3Wl5mQ
Graham Aluminum & Home Improvement,"2225 E Main St, Lakeland, FL 33801",Lakeland,Florida,33801,(866) 863-4169,+18668634169,https://grahamaluminum.com/,3.9,121,https://www.google.com/maps/search/?api=1&query=Graham%20Aluminum%20%26%20Home%20Improvement&query_place_id=ChIJ5eZ0eJU_3YgRh11UOIgWiLU,Roofing contractor,Roofing contractor|Awning supplier|Carport and pergola builder|Deck builder|Gutter service|Patio enclosure supplier|Metal construction company|Siding contractor|Sunroom contractor|Window installation service,roofing company,ChIJ5eZ0eJU_3YgRh11UOIgWiLU
Highpoint Roofing,"1107 3rd St SW, Winter Haven, FL 33880",Winter Haven,Florida,33880,,,,,,https://www.google.com/maps/search/?api=1&query=Highpoint%20Roofing&query_place_id=ChIJswwtl_4S3YgRV-jKxFJohJI,Roofing contractor,Roofing contractor|Construction company|Roofing supply store|Sheet metal contractor|Skylight contractor,roofing company,ChIJswwtl_4S3YgRV-jKxFJohJI
"JAM Construction & Development, Inc.","Lakeland, FL 33801",Lakeland,Florida,,(800) 680-9785,+18006809785,https://www.builtbyjam.com/,4.9,55,https://www.google.com/maps/search/?api=1&query=JAM%20Construction%20%26%20Development%2C%20Inc.&query_place_id=ChIJXzS78xC_wogR86Y-7uZ8To0,Roofing contractor,Roofing contractor|Construction company,roofing company,ChIJXzS78xC_wogR86Y-7uZ8To0
Robert Peet Roofing & Remodeling,"116 N Pointe Dr, Auburndale, FL 33823",Auburndale,Florida,33823,(863) 967-7530,+18639677530,,4,4,https://www.google.com/maps/search/?api=1&query=Robert%20Peet%20Roofing%20%26%20Remodeling&query_place_id=ChIJCcwSo41r3YgRtIWsHhF66gU,Roofing contractor,Roofing contractor,roofing company,ChIJCcwSo41r3YgRtIWsHhF66gU
Sharp Tone Roofers,"2610 Eaton Ave, Lakeland, FL 33803",Lakeland,Florida,33803,(863) 281-4463,+18632814463,https://sites.google.com/view/sharptoneroofers/home,5,8,https://www.google.com/maps/search/?api=1&query=Sharp%20Tone%20Roofers&query_place_id=ChIJxxoRdLM_3YgRWxztj0dXJtE,Roofing contractor,Roofing contractor,roofing company,ChIJxxoRdLM_3YgRWxztj0dXJtE
Sharrett Construction,"124 W Main St, Lakeland, FL 33815",Lakeland,Florida,33815,(863) 840-9781,+18638409781,https://sharrettconstruction.com/,4.1,13,https://www.google.com/maps/search/?api=1&query=Sharrett%20Construction&query_place_id=ChIJL-6uJlA-3YgRdsp0e25ncio,Roofing contractor,Roofing contractor|Building restoration service|Carport and pergola builder|Construction company|Contractor|Home builder|General contractor,roofing company,ChIJL-6uJlA-3YgRdsp0e25ncio
Eagle Building Contractors,"16 Alabama Ln, Auburndale, FL 33823",Auburndale,Florida,33823,(863) 965-0804,+18639650804,http://eaglebuildingco.com/,4.4,32,https://www.google.com/maps/search/?api=1&query=Eagle%20Building%20Contractors&query_place_id=ChIJT0HB6jNr3YgRjhE11pPzHH4,Roofing contractor,Roofing contractor|Custom home builder,roofing company,ChIJT0HB6jNr3YgRjhE11pPzHH4
QES services llc,"2050 Normandy Heights Dr, Winter Haven, FL 33880",Winter Haven,Florida,33880,(863) 326-0858,+18633260858,http://qesservices.com/,5,43,https://www.google.com/maps/search/?api=1&query=QES%20services%20llc&query_place_id=ChIJzaTsMd8T3YgRB1tHJnrKeiU,Roofing contractor,Roofing contractor|Carpenter|Demolition contractor|Insulation contractor|Painting|Handyman/Handywoman/Handyperson|Tile contractor,roofing company,ChIJzaTsMd8T3YgRB1tHJnrKeiU
T. GREGORY CONSTRUCTION | Construction Company Winter haven | Fencing Company | Roofing Expert,"2204 2nd St NE, Winter Haven, FL 33881",Winter Haven,Florida,33881,(863) 294-6003,+18632946003,https://tgcbuilds.com/,5,2,https://www.google.com/maps/search/?api=1&query=T.%20GREGORY%20CONSTRUCTION%20%7C%20Construction%20Company%20Winter%20haven%20%7C%20Fencing%20Company%20%7C%20Roofing%20Expert&query_place_id=ChIJq6rufNIS3YgRY6La6wfbdaM,Roofing contractor,Roofing contractor|Bathroom remodeler|Carpenter|Concrete contractor|Demolition contractor|Fence contractor|Home builder|Kitchen remodeler|Construction company|Woodworker,roofing company,ChIJq6rufNIS3YgRY6La6wfbdaM
Rodney Weeks Construction,"4250 Clubhouse Rd, Lakeland, FL 33812",Lakeland,Florida,33812,(863) 646-4373,+18636464373,,1,2,https://www.google.com/maps/search/?api=1&query=Rodney%20Weeks%20Construction&query_place_id=ChIJ521CtQk-3YgREPFebcjInBw,Roofing contractor,Roofing contractor,roofing company,ChIJ521CtQk-3YgREPFebcjInBw
Jack Hall Jr's Construction Aluminum,"3616 Waterfield Pkwy, Lakeland, FL 33803",Lakeland,Florida,33803,(863) 667-0068,+18636670068,http://www.jackhalljr.com/,4.6,279,https://www.google.com/maps/search/?api=1&query=Jack%20Hall%20Jr's%20Construction%20Aluminum&query_place_id=ChIJjyQqW0Q-3YgRz_uYzJQGs30,Roofing contractor,Roofing contractor|Construction company|Door supplier|Window installation service|Screen repair service|Shed builder|Siding contractor|Sunroom contractor,roofing company,ChIJjyQqW0Q-3YgRz_uYzJQGs30
Solar Energy Specialist Corp,"1130 1st St S, Winter Haven, FL 33880",Winter Haven,Florida,33880,(866) 407-2047,+18664072047,https://www.solarandenergyspecialists.com/?utm_source=google&utm_medium=gmb&utm_campaign=seo,4.8,86,https://www.google.com/maps/search/?api=1&query=Solar%20Energy%20Specialist%20Corp&query_place_id=ChIJQd6GY2Fj54gROAb4l8duCgk,Roofing contractor,Roofing contractor|Solar energy system service|Solar energy company|Solar energy equipment supplier,roofing company,ChIJQd6GY2Fj54gROAb4l8duCgk
DCC Builders,"209 E Bridgers Ave, Auburndale, FL 33823",Auburndale,Florida,33823,(863) 207-4900,+18632074900,https://dccbuilders.com/,4.8,26,https://www.google.com/maps/search/?api=1&query=DCC%20Builders&query_place_id=ChIJVw5FlIZr3YgR-P7o_YpsyNU,Roofing contractor,Roofing contractor|Door supplier|Window installation service|Siding contractor|Window supplier,roofing company,ChIJVw5FlIZr3YgR-P7o_YpsyNU
Milco Construction Inc Of Florida,"4310 Wallace Rd, Lakeland, FL 33812",Lakeland,Florida,33812,(863) 709-0293,+18637090293,http://www.milcoconstruction.com/,5,2,https://www.google.com/maps/search/?api=1&query=Milco%20Construction%20Inc%20Of%20Florida&query_place_id=ChIJmSvWrwg-3YgRD1IMYkewtjw,Roofing contractor,Roofing contractor|Construction company|Metal fabricator|General contractor|Steel fabricator,roofing company,ChIJmSvWrwg-3YgRD1IMYkewtjw
"American Restoration Contractors, LLC","4960 Lakeland Commerce Pkwy #6, Lakeland, FL 33805",Lakeland,Florida,33805,(888) 272-0163,+18882720163,https://www.arc-florida.com/,5,16,https://www.google.com/maps/search/?api=1&query=American%20Restoration%20Contractors%2C%20LLC&query_place_id=ChIJuWQjOjZB3YgR_tXQtl-Ohs8,Roofing contractor,Roofing contractor|Fire damage restoration service|General contractor|Water damage restoration service,roofing company,ChIJuWQjOjZB3YgR_tXQtl-Ohs8
Greenstar Panels,"1704 S Combee Rd, Lakeland, FL 33801",Lakeland,Florida,33801,(813) 860-8495,+18138608495,http://greenstarpanels.com/,4.2,42,https://www.google.com/maps/search/?api=1&query=Greenstar%20Panels&query_place_id=ChIJUVB_D6k_3YgRBIXPZrErCZc,Roofing contractor,Roofing contractor|Insulation contractor,roofing company,ChIJUVB_D6k_3YgRBIXPZrErCZc
Heartland Handyman Services LLC,"6297 Silver Leaf Ln, Lakeland, FL 33813",Lakeland,Florida,33813,(863) 608-3573,+18636083573,,5,1,https://www.google.com/maps/search/?api=1&query=Heartland%20Handyman%20Services%20LLC&query_place_id=ChIJW5dD7NDqOYgR717iQ_poEf8,Roofing contractor,Roofing contractor|Insulation contractor|Painter|Handyman/Handywoman/Handyperson,roofing company,ChIJW5dD7NDqOYgR717iQ_poEf8
"1st Class Roofing, Inc.","1815 Thornhill Rd Ste 301S, Auburndale, FL 33823",Auburndale,Florida,33823,(863) 324-4043,+18633244043,https://www.1stclassroofingincfl.com/,4.8,238,https://www.google.com/maps/search/?api=1&query=1st%20Class%20Roofing%2C%20Inc.&query_place_id=ChIJY3LRdvAV3YgRxAYUWWdAnbQ,Roofing contractor,Roofing contractor,roofing contractor,ChIJY3LRdvAV3YgRxAYUWWdAnbQ
Musick Roofing,"3600 County Line Rd, Lakeland, FL 33811",Lakeland,Florida,33811,(863) 904-5350,+18639045350,http://www.musickroofing.com/,4.9,240,https://www.google.com/maps/search/?api=1&query=Musick%20Roofing&query_place_id=ChIJX7-Mp6Y53YgRkDtPny6-kxc,Roofing contractor,Roofing contractor|Contractor|General contractor,roofing contractor,ChIJX7-Mp6Y53YgRkDtPny6-kxc
Eustis Roofing Company,"2500 Drane Field Rd Ste 103, Lakeland, FL 33811",Lakeland,Florida,33811,(863) 340-7653,+18633407653,http://eustisroofing.com/?utm_source=gbp&utm_medium=organic&utm_campaign=clw-na-gbp-con-all-all-all-reglr-current-reglr-na-na-gpb_listing_lkl,5,123,https://www.google.com/maps/search/?api=1&query=Eustis%20Roofing%20Company&query_place_id=ChIJjWdi4Wc53YgR2Rm1btQx9l4,Roofing contractor,Roofing contractor,roofing contractor,ChIJjWdi4Wc53YgR2Rm1btQx9l4
Five Points Roofing,"2587 Colonel Ford Dr, Lakeland, FL 33813",Lakeland,Florida,33813,(863) 660-5834,+18636605834,https://fivepointsroofingfl.com/,5,64,https://www.google.com/maps/search/?api=1&query=Five%20Points%20Roofing&query_place_id=ChIJx64HM7fcmCERr32qJoXMh-0,Roofing contractor,Roofing contractor,roofing contractor,ChIJx64HM7fcmCERr32qJoXMh-0
Protect Preserve Roofing,"559 Laura Rd, Lakeland, FL 33815",Lakeland,Florida,33815,(833) 777-6634,+18337776634,https://protectpreserveroofing.com/roofing-company-lakeland/,5,31,https://www.google.com/maps/search/?api=1&query=Protect%20Preserve%20Roofing&query_place_id=ChIJn3QjliWrk4gRE4tyS1sjQyk,Roofing contractor,Roofing contractor,roofing contractor,ChIJn3QjliWrk4gRE4tyS1sjQyk
Lakeland Roofing Installation,"3823 Old Salem Rd, Lakeland, FL 33811",Lakeland,Florida,33811,,,,4.9,37,https://www.google.com/maps/search/?api=1&query=Lakeland%20Roofing%20Installation&query_place_id=ChIJ4-N2SCg73YgRPsDW5v-OiVQ,Roofing contractor,Roofing contractor,roofing contractor,ChIJ4-N2SCg73YgRPsDW5v-OiVQ
Trimm Roofing,"2500 Drane Field Rd Ste 101, Lakeland, FL 33811",Lakeland,Florida,33811,(863) 276-6300,+18632766300,https://trimmroofing.com/,4.8,146,https://www.google.com/maps/search/?api=1&query=Trimm%20Roofing&query_place_id=ChIJ_XsINt853YgR5X-qaocSNfk,Roofing contractor,Roofing contractor,roofing contractor,ChIJ_XsINt853YgR5X-qaocSNfk
ROMEO'S ROOFING LLC,"1815 Thornhill Rd Ste 309T, Auburndale, FL 33823",Auburndale,Florida,33823,(863) 593-7808,+18635937808,http://romeosroofing.com/,4.6,34,https://www.google.com/maps/search/?api=1&query=ROMEO'S%20ROOFING%20LLC&query_place_id=ChIJ35nIQ65s3YgRst16aW0A6dc,Roofing contractor,Roofing contractor,roofing contractor,ChIJ35nIQ65s3YgRst16aW0A6dc
"Dempsey Roofing Company, Inc.","939 Browning Rd, Lakeland, FL 33811",Lakeland,Florida,33811,(800) 725-0716,+18007250716,http://dempseyroofing.com/,4.4,16,https://www.google.com/maps/search/?api=1&query=Dempsey%20Roofing%20Company%2C%20Inc.&query_place_id=ChIJHzrcvzA43YgRxlntqFRLUeg,Roofing contractor,Roofing contractor,roofing contractor,ChIJHzrcvzA43YgRxlntqFRLUeg
True Roofers,"2829 Badger Rd #19, Lakeland, FL 33811",Lakeland,Florida,33811,(863) 315-3003,+18633153003,https://trueroofers.com/lakeland?utm_source=google&utm_medium=organic&utm_campaign=GMBListing-Lakeland-FL,4.4,22,https://www.google.com/maps/search/?api=1&query=True%20Roofers&query_place_id=ChIJ2QFlSFQ53YgRGC-aQ0FIgKw,Roofing contractor,Roofing contractor|Contractor|Gutter service,roofing contractor,ChIJ2QFlSFQ53YgRGC-aQ0FIgKw
Collis Roofing,"2323 W Memorial Blvd, Lakeland, FL 33815",Lakeland,Florida,33815,(863) 682-5700,+18636825700,https://www.collisroofing.com/,4.5,147,https://www.google.com/maps/search/?api=1&query=Collis%20Roofing&query_place_id=ChIJqwlHZYY43YgRRVrfRqV8iR4,Roofing contractor,Roofing contractor|Contractor|Gutter service|Window installation service,roofing contractor,ChIJqwlHZYY43YgRRVrfRqV8iR4
Honor and Pride Roofing and Construction,"936 E Parker St Suite 16, Lakeland, FL 33801",Lakeland,Florida,33801,(863) 277-6632,+18632776632,https://www.honorandprideroofing.com/,5,4,https://www.google.com/maps/search/?api=1&query=Honor%20and%20Pride%20Roofing%20and%20Construction&query_place_id=ChIJmU3TlCI_3YgRbUBiWN9XUgw,Roofing contractor,Roofing contractor,roofing contractor,ChIJmU3TlCI_3YgRbUBiWN9XUgw
Steel Roofing Systems,"3049 Drane Field Rd, Lakeland, FL 33811",Lakeland,Florida,33811,(863) 701-7170,+18637017170,,4.9,42,https://www.google.com/maps/search/?api=1&query=Steel%20Roofing%20Systems&query_place_id=ChIJj_krAZg53YgRmGuU45AiCF8,Roofing contractor,Roofing contractor,roofing contractor,ChIJj_krAZg53YgRmGuU45AiCF8
Bold Craft Roofers,"4900 Old Nichols Rd, Mulberry, FL 33860",Mulberry,Florida,33860,(863) 281-4386,+18632814386,https://sites.google.com/view/bold-craft-roofers/home,4.6,10,https://www.google.com/maps/search/?api=1&query=Bold%20Craft%20Roofers&query_place_id=ChIJn0sJkd073YgRy-vx1vi7zRQ,Roofing contractor,Roofing contractor,roofing contractor,ChIJn0sJkd073YgRy-vx1vi7zRQ
Wholesale Metal Roofing,"2225 E Main St, Lakeland, FL 33801",Lakeland,Florida,33801,(866) 863-7122,+18668637122,https://polkcountymetalroofs.com/,5,3,https://www.google.com/maps/search/?api=1&query=Wholesale%20Metal%20Roofing&query_place_id=ChIJdfN9WU4_3YgRg4sJgux2uVs,Roofing contractor,Roofing contractor,roofing contractor,ChIJdfN9WU4_3YgRg4sJgux2uVs
All American Roofing Group Contractors,"2424 Cresap St, Lakeland, FL 33815",Lakeland,Florida,33815,(863) 409-1636,+18634091636,,4,4,https://www.google.com/maps/search/?api=1&query=All%20American%20Roofing%20Group%20Contractors&query_place_id=ChIJW9W5vfc43YgRjwZpWD3WL0A,Roofing contractor,Roofing contractor,roofing contractor,ChIJW9W5vfc43YgRjwZpWD3WL0A
florida state certified roofing,"1215 N Galloway Rd, Lakeland, FL 33810",Lakeland,Florida,33810,(863) 777-1027,+18637771027,,5,9,https://www.google.com/maps/search/?api=1&query=florida%20state%20certified%20roofing&query_place_id=ChIJxVQU6QA53YgR1wd6zi7-O4Q,Roofing contractor,Roofing contractor|Construction company|Roofing supply store,roofing contractor,ChIJxVQU6QA53YgR1wd6zi7-O4Q
Roofers of Lakeland FL,"5216 Florida Ave S, Lakeland, FL 33813",Lakeland,Florida,33813,(863) 265-1655,+18632651655,https://roofers-of-lakeland-fl.ueniweb.com/?utm_campaign=gmb,,,https://www.google.com/maps/search/?api=1&query=Roofers%20of%20Lakeland%20FL&query_place_id=ChIJ_8KkYPc73YgRlxI8ZO3nX_Q,Roofing contractor,Roofing contractor,roofing contractor,ChIJ_8KkYPc73YgRlxI8ZO3nX_Q
MARSHALL'S LLC ROOFING,"3326 W 10th St, Lakeland, FL 33810",Lakeland,Florida,33810,(863) 687-1893,+18636871893,https://marshallsllcroofing.com/,5,20,https://www.google.com/maps/search/?api=1&query=MARSHALL'S%20LLC%20ROOFING&query_place_id=ChIJDbcF67k53YgRsyZW4ZysmOA,Roofing contractor,Roofing contractor|Air conditioning contractor,roofing contractor,ChIJDbcF67k53YgRsyZW4ZysmOA
Belcher Contractors & Roofing Inc.,"4025 Timberwood Dr, Lakeland, FL 33811",Lakeland,Florida,33811,(813) 770-5806,+18137705806,,3.4,16,https://www.google.com/maps/search/?api=1&query=Belcher%20Contractors%20%26%20Roofing%20Inc.&query_place_id=ChIJAcp20BE63YgRMz83tlT6Qyk,Roofing contractor,Roofing contractor|Siding contractor,roofing contractor,ChIJAcp20BE63YgRMz83tlT6Qyk
Turbeville Roofing,"2149 Emerald Ridge Dr, Lakeland, FL 33813",Lakeland,Florida,33813,(863) 648-4416,+18636484416,http://turbevilleroofing.com/,5,3,https://www.google.com/maps/search/?api=1&query=Turbeville%20Roofing&query_place_id=ChIJxdFvOOE93YgRl5QyIrvLiyE,Roofing contractor,Roofing contractor,roofing contractor,ChIJxdFvOOE93YgRl5QyIrvLiyE
Guy's Roofing & Sheet Metal,"2820 Thornhill Rd, Winter Haven, FL 33880",Winter Haven,Florida,33880,(863) 341-6030,+18633416030,,4,4,https://www.google.com/maps/search/?api=1&query=Guy's%20Roofing%20%26%20Sheet%20Metal&query_place_id=ChIJV9ixp-cU3YgRb-SWfpwnbFQ,Roofing contractor,Roofing contractor,roofing contractor,ChIJV9ixp-cU3YgRb-SWfpwnbFQ
Archer Exteriors,"2500 Drane Field Rd Ste 108, Lakeland, FL 33811",Lakeland,Florida,33811,(863) 644-8516,+18636448516,https://www.archerexteriors.com/,3.4,5,https://www.google.com/maps/search/?api=1&query=Archer%20Exteriors&query_place_id=ChIJyTusTHU53YgR_wZZ-xqxAD0,Roofing contractor,Roofing contractor,roofing contractor,ChIJyTusTHU53YgR_wZZ-xqxAD0
"Barber & Associates, Commercial Roofing","4325 FL-60, Mulberry, FL 33860",Mulberry,Florida,33860,(813) 862-2015,+18138622015,https://barberjax.com/,2.6,7,https://www.google.com/maps/search/?api=1&query=Barber%20%26%20Associates%2C%20Commercial%20Roofing&query_place_id=ChIJI4EINI863YgRdjytB-1pfeI,Roofing contractor,Roofing contractor,roofing contractor,ChIJI4EINI863YgRdjytB-1pfeI
North American Roofing,"206 Easton Dr #101, Lakeland, FL 33803",Lakeland,Florida,33803,(863) 577-6631,+18635776631,,5,1,https://www.google.com/maps/search/?api=1&query=North%20American%20Roofing&query_place_id=ChIJmwil_io53YgRMNPdBuxS_ZY,Roofing contractor,Roofing contractor,roofing contractor,ChIJmwil_io53YgRMNPdBuxS_ZY
"AP Construction, LLC","330 Winston Creek Pkwy Unit F, Lakeland, FL 33810",Lakeland,Florida,33810,(800) 513-6296,+18005136296,,2.3,3,https://www.google.com/maps/search/?api=1&query=AP%20Construction%2C%20LLC&query_place_id=ChIJYbC5xdI53YgRKgp_sXUZ6hI,Roofing contractor,Roofing contractor,roofing contractor,ChIJYbC5xdI53YgRKgp_sXUZ6hI
"Providential Roofing and Construction, Inc.","1137 Bartow Rd Ste 205, Lakeland, FL 33801",Lakeland,Florida,33801,(863) 315-0664,+18633150664,https://providentialroofing.com/,,,https://www.google.com/maps/search/?api=1&query=Providential%20Roofing%20and%20Construction%2C%20Inc.&query_place_id=ChIJ3yFZFng_3YgR7dHerb5kSmo,Roofing contractor,Roofing contractor,roofing contractor,ChIJ3yFZFng_3YgR7dHerb5kSmo
Brenneman Roofing,"211 E Main St Ste 109A, Lakeland, FL 33801",Lakeland,Florida,33801,(863) 409-8735,+18634098735,https://brennemanconstruction.com/roofing,,,https://www.google.com/maps/search/?api=1&query=Brenneman%20Roofing&query_place_id=ChIJ2d6SDGI53YgR5W3QX3xXu-Q,Roofing contractor,Roofing contractor,roofing contractor,ChIJ2d6SDGI53YgR5W3QX3xXu-Q
Roof Asset Management,"1050 Reflections Lake Dr, Lakeland, FL 33813",Lakeland,Florida,33813,(863) 701-2742,+18637012742,http://roof-asset.com/,5,1,https://www.google.com/maps/search/?api=1&query=Roof%20Asset%20Management&query_place_id=ChIJd4RMh3s83YgRllvJ7P0kFu8,Roofing contractor,Roofing contractor|Consultant|Architect,roofing contractor,ChIJd4RMh3s83YgRllvJ7P0kFu8
Advanced Roofing,"330 Winston Creek Pkwy, Lakeland, FL 33810",Lakeland,Florida,33810,(863) 603-0888,+18636030888,,,,https://www.google.com/maps/search/?api=1&query=Advanced%20Roofing&query_place_id=ChIJ6ZW3YyI43YgRE87WpM93vY4,Roofing contractor,Roofing contractor,roofing contractor,ChIJ6ZW3YyI43YgRE87WpM93vY4
HD Roofing & Solar,"3053 Drane Field Rd, Lakeland, FL 33811",Lakeland,Florida,33811,(863) 213-6276,+18632136276,https://hdroofers.com/,,,https://www.google.com/maps/search/?api=1&query=HD%20Roofing%20%26%20Solar&query_place_id=ChIJD_aiaejH0S0RNK6j75m9D-s,Roofing contractor,Roofing contractor,roofing contractor,ChIJD_aiaejH0S0RNK6j75m9D-s
CentiMark Corporation,"4335 Frontage Rd N, Lakeland, FL 33810",Lakeland,Florida,33810,(863) 797-1900,+18637971900,https://www.centimark.com/locations/tampa-florida,4.8,17,https://www.google.com/maps/search/?api=1&query=CentiMark%20Corporation&query_place_id=ChIJ4Sd88CM43YgRpjYlH2BTT-U,Roofing contractor,Roofing contractor,roofing contractor,ChIJ4Sd88CM43YgRpjYlH2BTT-U
Huntington Roofing,"3375 US Hwy 98 N, Lakeland, FL 33809",Lakeland,Florida,33809,(863) 667-1275,+18636671275,,,,https://www.google.com/maps/search/?api=1&query=Huntington%20Roofing&query_place_id=ChIJKzO77EBH3YgR4aXoUToueGE,Roofing contractor,Roofing contractor,roofing contractor,ChIJKzO77EBH3YgR4aXoUToueGE
Marshalls LLC Air Conditioning,"3326 W 10th St, Lakeland, FL 33810",Lakeland,Florida,33810,(863) 687-1893,+18636871893,http://marshallsair.com/,4.7,36,https://www.google.com/maps/search/?api=1&query=Marshalls%20LLC%20Air%20Conditioning&query_place_id=ChIJyx102LM43YgRDuz2s7lRswQ,Roofing contractor,Roofing contractor|HVAC contractor,roofing contractor,ChIJyx102LM43YgRDuz2s7lRswQ
"Signature Roofing & Construction, Inc","249 Wilson Ave, Babson Park, FL 33827",Babson Park,Florida,33827,(863) 638-2555,+18636382555,https://www.sigroof.net/,3.6,31,https://www.google.com/maps/search/?api=1&query=Signature%20Roofing%20%26%20Construction%2C%20Inc&query_place_id=ChIJRfZZl5IH3YgRiLzK4qHe0TI,Roofing contractor,Roofing contractor|Agricultural service|Construction company,roofing contractor,ChIJRfZZl5IH3YgRiLzK4qHe0TI
Zenith Construction Services LLC,"602 Forest St, Frostproof, FL 33843",Frostproof,Florida,33843,(863) 241-0855,+18632410855,http://roofingzenith.com/,5,29,https://www.google.com/maps/search/?api=1&query=Zenith%20Construction%20Services%20LLC&query_place_id=ChIJ4Yypmr4B3YgRNwjmgEPV7U4,Roofing contractor,Roofing contractor,roofing contractor,ChIJ4Yypmr4B3YgRNwjmgEPV7U4
Gullett Roofing,"535 Bracey Rd, Lakeland, FL 33809",Lakeland,Florida,33809,(863) 412-2821,+18634122821,http://www.gullettroofing.com/,5,208,https://www.google.com/maps/search/?api=1&query=Gullett%20Roofing&query_place_id=ChIJdRXew4RH3YgRbP5qENk6HEA,Roofing contractor,Roofing contractor,roofing contractor,ChIJdRXew4RH3YgRbP5qENk6HEA
O'Neal's Roofing Co.,"6950 Barbara Jean Ln, Polk City, FL 33868",Polk City,Florida,33868,(863) 557-0288,+18635570288,http://www.onealsroofing.com/,4.9,90,https://www.google.com/maps/search/?api=1&query=O'Neal's%20Roofing%20Co.&query_place_id=ChIJf8xMyStn3YgRNTMkTY0WgjU,Roofing contractor,Roofing contractor,roofing contractor,ChIJf8xMyStn3YgRNTMkTY0WgjU
"Feichtel Roofing, Inc","416 Pine Ave, Polk City, FL 33868",Polk City,Florida,33868,(863) 220-5488,+18632205488,https://feichtelroofinginc.com/,4.9,137,https://www.google.com/maps/search/?api=1&query=Feichtel%20Roofing%2C%20Inc&query_place_id=ChIJfbU-1zHGK44RZYZO1TwQvlM,Roofing contractor,Roofing contractor,roofing contractor,ChIJfbU-1zHGK44RZYZO1TwQvlM
"Tyer's Roofing, Inc. Jr Tyer","11720 Bailey Rd, Kathleen, FL 33849",Kathleen,Florida,33849,(863) 858-1141,+18638581141,http://tyersroofing.com/,4.8,31,https://www.google.com/maps/search/?api=1&query=Tyer's%20Roofing%2C%20Inc.%20Jr%20Tyer&query_place_id=ChIJfdV0D35F3YgRdii8nfvrTUU,Roofing contractor,Roofing contractor|Sheet metal contractor,roofing contractor,ChIJfdV0D35F3YgRdii8nfvrTUU
Double J Roofing,"7210 Elmer Dees Rd, Lakeland, FL 33810",Lakeland,Florida,33810,(863) 858-7041,+18638587041,,5,8,https://www.google.com/maps/search/?api=1&query=Double%20J%20Roofing&query_place_id=ChIJ32T5qOxG3YgR-9eakcfyGlo,Roofing contractor,Roofing contractor,roofing contractor,ChIJ32T5qOxG3YgR-9eakcfyGlo
All American Professional Roofing,"559 Marklen Loop, Polk City, FL 33868",Polk City,Florida,33868,(863) 934-1000,+18639341000,http://allamericanproroofing.net/,5,8,https://www.google.com/maps/search/?api=1&query=All%20American%20Professional%20Roofing&query_place_id=ChIJcTGIkd9p3YgR_f5Kpbg3nX8,Roofing contractor,Roofing contractor,roofing contractor,ChIJcTGIkd9p3YgR_f5Kpbg3nX8
Lakeland Roof Coatings,"7220 US Hwy 98 N, Lakeland, FL 33809",Lakeland,Florida,33809,(863) 859-9316,+18638599316,,,,https://www.google.com/maps/search/?api=1&query=Lakeland%20Roof%20Coatings&query_place_id=ChIJJ-qA9b9G3YgRYEPBiDfEClU,Roofing contractor,Roofing contractor,roofing contractor,ChIJJ-qA9b9G3YgRYEPBiDfEClU
Green Alliance USA,"223 Commonwealth Ave N, Polk City, FL 33868",Polk City,Florida,33868,(863) 576-5571,+18635765571,,4.7,38,https://www.google.com/maps/search/?api=1&query=Green%20Alliance%20USA&query_place_id=ChIJLb3csMlp3YgRggxGBe4ZMs0,Roofing contractor,Roofing contractor,roofing contractor,ChIJLb3csMlp3YgRggxGBe4ZMs0
RoofWire Roofing LLC,"535 Bracey Rd, Lakeland, FL 33809",Lakeland,Florida,33809,(239) 508-6262,+12395086262,,,,https://www.google.com/maps/search/?api=1&query=RoofWire%20Roofing%20LLC&query_place_id=ChIJDxYEoDxF3YgRMw5F5yOIOOg,Roofing contractor,Roofing contractor,roofing contractor,ChIJDxYEoDxF3YgRMw5F5yOIOOg
Specializing In Installation of Light Gauge Metal Trusses and Metal Roof Deck,"1432 Banana Rd, Lakeland, FL 33810",Lakeland,Florida,33810,(863) 281-6565,+18632816565,,,,https://www.google.com/maps/search/?api=1&query=Specializing%20In%20Installation%20of%20Light%20Gauge%20Metal%20Trusses%20and%20Metal%20Roof%20Deck&query_place_id=ChIJVVVR5ZhG3YgRtOH-7-t17xg,Roofing contractor,Roofing contractor,roofing contractor,ChIJVVVR5ZhG3YgRtOH-7-t17xg
Elite LLC,"1631 Mann Rd, Lakeland, FL 33810",Lakeland,Florida,33810,(863) 651-5890,+18636515890,http://eliteinsulationcfl.com/,4.9,85,https://www.google.com/maps/search/?api=1&query=Elite%20LLC&query_place_id=ChIJuRnxG577XqER8-7TGDwDkhM,Roofing contractor,Roofing contractor|Insulator supplier|Insulation contractor,roofing contractor,ChIJuRnxG577XqER8-7TGDwDkhM
Forrest and Sons Roofing,"2400 Parakeet Park Blvd, Lake Wales, FL 33859",Lake Wales,Florida,33859,(352) 348-9122,+13523489122,https://forrestandsonsroofing.com/,4.5,8,https://www.google.com/maps/search/?api=1&query=Forrest%20and%20Sons%20Roofing&query_place_id=ChIJUenVG04J3YgRyTRSLUksczQ,Roofing contractor,Roofing contractor,roofing company,ChIJUenVG04J3YgRyTRSLUksczQ
Charles mikell pressure washing and roof coating and handyman,"981 Ulmer Rd, Frostproof, FL 33843",Frostproof,Florida,33843,(603) 799-6125,+16037996125,,5,21,https://www.google.com/maps/search/?api=1&query=Charles%20mikell%20pressure%20washing%20and%20roof%20coating%20and%20handyman&query_place_id=ChIJm2STFLMB3YgRitmxkX4lGdQ,Property maintenance,Property maintenance,roofing company,ChIJm2STFLMB3YgRitmxkX4lGdQ
Tropical Roofing Services,"1666 Delightful Dr, Davenport, FL 33896",Davenport,Florida,33896,(863) 378-6889,+18633786889,https://www.tropicalroofingflorida.com/,4.8,29,https://www.google.com/maps/search/?api=1&query=Tropical%20Roofing%20Services&query_place_id=ChIJ7zOCVYsD2YgRwn80lE0gh8s,Roofing contractor,Roofing contractor,roofing contractor,ChIJ7zOCVYsD2YgRwn80lE0gh8s
Vortex Roofing Solutions,"2062 Southern Breeze Dr unit 105, Davenport, FL 33897",Davenport,Florida,33897,(407) 717-3104,+14077173104,http://www.vortexroofingsolutions.com/,4.9,44,https://www.google.com/maps/search/?api=1&query=Vortex%20Roofing%20Solutions&query_place_id=ChIJpXj9GwnPzq8REFrqJqChMcc,Roofing contractor,Roofing contractor|Waterproofing service,roofing contractor,ChIJpXj9GwnPzq8REFrqJqChMcc
"STGO Pro4mance, LLC.","121 Webb Dr #209, Davenport, FL 33837",Davenport,Florida,33837,(863) 343-3084,+18633433084,http://www.stgopro4mance.com/,5,147,https://www.google.com/maps/search/?api=1&query=STGO%20Pro4mance%2C%20LLC.&query_place_id=ChIJsU94tkh33YgRkAPWJLGE9Sc,Roofing contractor,Roofing contractor|Earth works company|General contractor|Gutter service,roofing contractor,ChIJsU94tkh33YgRkAPWJLGE9Sc
JHI Roofing,"147 N Hampton Dr, Davenport, FL 33897",Davenport,Florida,33897,(407) 928-4544,+14079284544,https://jhiroofing.com/,4.8,43,https://www.google.com/maps/search/?api=1&query=JHI%20Roofing&query_place_id=ChIJoffdB-XbVksRdSPnw4xjYCM,Roofing contractor,Roofing contractor|Construction company|Roofing supply store,roofing contractor,ChIJoffdB-XbVksRdSPnw4xjYCM
Fred Fein Construction & Roofing Inc.,"541 Brookeshire Dr, Davenport, FL 33837",Davenport,Florida,33837,(321) 412-0037,+13214120037,,5,1,https://www.google.com/maps/search/?api=1&query=Fred%20Fein%20Construction%20%26%20Roofing%20Inc.&query_place_id=ChIJoauBCU153YgRIYyakw7ERe4,Roofing contractor,Roofing contractor,roofing contractor,ChIJoauBCU153YgRIYyakw7ERe4
ROOFING BY KK LLC,"306 Briar Patch Lp, Davenport, FL 33896",Davenport,Florida,33896,,,,,,https://www.google.com/maps/search/?api=1&query=ROOFING%20BY%20KK%20LLC&query_place_id=ChIJYZlzhWZ53YgRXiNUhcq9nP8,Roofing contractor,Roofing contractor,roofing contractor,ChIJYZlzhWZ53YgRXiNUhcq9nP8
Florida Roofing,"1224 Chelsea Dr, Davenport, FL 33897",Davenport,Florida,33897,(407) 269-7233,+14072697233,,3.5,2,https://www.google.com/maps/search/?api=1&query=Florida%20Roofing&query_place_id=ChIJewHhs1173YgR9_n3MvZhwoc,Roofing contractor,Roofing contractor,roofing contractor,ChIJewHhs1173YgR9_n3MvZhwoc
Carry On Roofing LLC,"111 Via Del Sol Dr, Davenport, FL 33896",Davenport,Florida,33896,(317) 755-8601,+13177558601,http://carryonroofing.com/,,,https://www.google.com/maps/search/?api=1&query=Carry%20On%20Roofing%20LLC&query_place_id=ChIJAc2vAE573YgRORs3BQrGzTw,Roofing contractor,Roofing contractor,roofing contractor,ChIJAc2vAE573YgRORs3BQrGzTw
United Exterior Building Dreams Inc.,"326 Chelsea Dr, Davenport, FL 33897",Davenport,Florida,33897,(224) 522-6930,+12245226930,https://www.unitedexterior.net/,,,https://www.google.com/maps/search/?api=1&query=United%20Exterior%20Building%20Dreams%20Inc.&query_place_id=ChIJqZTY9i173YgREhsVeCQyhqA,Roofing contractor,Roofing contractor,roofing contractor,ChIJqZTY9i173YgREhsVeCQyhqA
"Stephen Rutledge, Independent Contractor-Priceless Home Improvements, LLC","541 Brookeshire Dr, Davenport, FL 33837",Davenport,Florida,33837,(321) 412-0037,+13214120037,,,,https://www.google.com/maps/search/?api=1&query=Stephen%20Rutledge%2C%20Independent%20Contractor-Priceless%20Home%20Improvements%2C%20LLC&query_place_id=ChIJPeqxD2x53YgRrigH47544lA,Roofing contractor,Roofing contractor,roofing contractor,ChIJPeqxD2x53YgRrigH47544lA
RoofCare Plus,"920 Magnolia Ave, Auburndale, FL 33823",Auburndale,Florida,33823,(863) 450-5201,+18634505201,http://roofcareplus.com/,5,15,https://www.google.com/maps/search/?api=1&query=RoofCare%20Plus&query_place_id=ChIJWx0N1llr3YgR1UOumDlGig0,Pressure washing service,Pressure washing service,roof repair,ChIJWx0N1llr3YgR1UOumDlGig0
Remodeling FC,"134 Mandovi St, Davenport, FL 33837",Davenport,Florida,33837,(407) 613-4385,+14076134385,https://remodelingfcllc.com/,5,23,https://www.google.com/maps/search/?api=1&query=Remodeling%20FC&query_place_id=ChIJWRS3WzYOUEURqaX26fxQmvI,Roofing contractor,Roofing contractor|Bathroom remodeler|Floor sanding and polishing service|Painting,roofing contractor,ChIJWRS3WzYOUEURqaX26fxQmvI
One Stop Kitchen And Bath,"112 Polo Park E Blvd, Davenport, FL 33897",Davenport,Florida,33897,,,http://www.onestopkitchenandbath.com/,4.9,44,https://www.google.com/maps/search/?api=1&query=One%20Stop%20Kitchen%20And%20Bath&query_place_id=ChIJr4F48nuD3YgR75nm1RiJSsU,Roofing contractor,Roofing contractor|Bathroom remodeler|Countertop store|Flooring store|Kitchen remodeler|Water filter supplier,roofing contractor,ChIJr4F48nuD3YgR75nm1RiJSsU
S & S Roofing,"33 Bass St, Haines City, FL 33844",Haines City,Florida,33844,,,,1,1,https://www.google.com/maps/search/?api=1&query=S%20%26%20S%20Roofing&query_place_id=ChIJb5DVuhyf3YgRGns2DztP5_U,Roofing contractor,Roofing contractor,roofing contractor,ChIJb5DVuhyf3YgRGns2DztP5_U
Boral Roofing Lake Wales,"200 Story Rd, Lake Wales, FL 33898",Lake Wales,Florida,33898,(863) 824-1289,+18638241289,,3.7,82,https://www.google.com/maps/search/?api=1&query=Boral%20Roofing%20Lake%20Wales&query_place_id=ChIJgSGq8Hen3YgR1LduRhtGONk,Roofing contractor,Roofing contractor,roofing company,ChIJgSGq8Hen3YgR1LduRhtGONk
True Roofers,"1627 US-92, Auburndale, FL 33823",Auburndale,Florida,33823,(863) 968-2049,+18639682049,https://trueroofers.com/auburndale?utm_source=google&utm_medium=organic&utm_campaign=GMBListing-Auburndale-FL,,,https://www.google.com/maps/search/?api=1&query=True%20Roofers&query_place_id=ChIJZ3ppFURr3YgRI2pLv9k78ek,Roofing contractor,Roofing contractor|Contractor|Gutter service,roof repair,ChIJZ3ppFURr3YgRI2pLv9k78ek
Mc Enany Roofers,"5650 State Rd 557, Lake Alfred, FL 33850",Lake Alfred,Florida,33850,(863) 588-4130,+18635884130,http://www.mcenanyroofing.com/contact-us/,3.4,20,https://www.google.com/maps/search/?api=1&query=Mc%20Enany%20Roofers&query_place_id=ChIJqyqXGPRu3YgR2sS9O51wjhI,Roofing contractor,Roofing contractor,roofing contractor,ChIJqyqXGPRu3YgR2sS9O51wjhI
SRC Florida,"2161 Co Rd 540A #105, Lakeland, FL 33813",Lakeland,Florida,33813,(863) 797-9893,+18637979893,,,,https://www.google.com/maps/search/?api=1&query=SRC%20Florida&query_place_id=ChIJX9IH2Ts83YgRHqgE0CpAImA,Roofing contractor,Roofing contractor,roofing contractor,ChIJX9IH2Ts83YgRHqgE0CpAImA
PR&R Construction Inc.,"851 Saddle Oaks Dr, Winter Haven, FL 33880",Winter Haven,Florida,33880,,,,,,https://www.google.com/maps/search/?api=1&query=PR%26R%20Construction%20Inc.&query_place_id=ChIJvZjFsNcT3YgR47u8CBSOcYw,Roofing contractor,Roofing contractor,roofing contractor,ChIJvZjFsNcT3YgR47u8CBSOcYw
ICON Roofing & Construction,"1901 Shepherd Rd, Lakeland, FL 33811",Lakeland,Florida,33811,(863) 345-4266,+18633454266,,,,https://www.google.com/maps/search/?api=1&query=ICON%20Roofing%20%26%20Construction&query_place_id=ChIJD8gEDgA73YgR0GicmmqzOcI,Construction company,Construction company,roofing company,ChIJD8gEDgA73YgR0GicmmqzOcI
"ASR Associates, Inc.","Lakeland, FL 33807",Lakeland,Florida,33807,(863) 619-9776,+18636199776,,,,https://www.google.com/maps/search/?api=1&query=ASR%20Associates%2C%20Inc.&query_place_id=ChIJ_____0883YgRNRkS-ceVuPw,Roofing contractor,Roofing contractor|Professional services,roofing contractor,ChIJ_____0883YgRNRkS-ceVuPw
Roofnova Solution,"366 Lake Daisy Cir, Winter Haven, FL 33884",Winter Haven,Florida,33884,(224) 641-6909,+12246416909,,,,https://www.google.com/maps/search/?api=1&query=Roofnova%20Solution&query_place_id=ChIJvS03a6AN3YgR_Cjh1UndZIs,Roofing contractor,Roofing contractor|Roofing supply store,roofing contractor,ChIJvS03a6AN3YgR_Cjh1UndZIs
Westlake roofing,"200 Story Rd, Lake Wales, FL 33898",Lake Wales,Florida,33898,,,,5,1,https://www.google.com/maps/search/?api=1&query=Westlake%20roofing&query_place_id=ChIJGd0vQgCn3YgRMcJBE08e2ss,Roofing supply store,Roofing supply store,roofing contractor,ChIJGd0vQgCn3YgRMcJBE08e2ss
Roofing RVS INC,"5145 Creekview Ln, Lakeland, FL 33811",Lakeland,Florida,33811,(863) 614-6974,+18636146974,,,,https://www.google.com/maps/search/?api=1&query=Roofing%20RVS%20INC&query_place_id=ChIJz0vnGBI73YgR_0-Qasdnkow,Roofing contractor,Roofing contractor,roofing contractor,ChIJz0vnGBI73YgR_0-Qasdnkow
Solar Optimum Florida,"3810 Drane Field Rd, Lakeland, FL 33811",Lakeland,Florida,33811,(800) 552-9970,+18005529970,https://solaroptimum.com/,5,7,https://www.google.com/maps/search/?api=1&query=Solar%20Optimum%20Florida&query_place_id=ChIJe-7kc-453YgRnxDxNGy4oas,Roofing contractor,Roofing contractor|Energy equipment and solutions|Energy supplier|Green energy supplier|Solar energy company,roofing contractor,ChIJe-7kc-453YgRnxDxNGy4oas
AMX ROOFER,"1605 E Memorial Blvd, Lakeland, FL 33801",Lakeland,Florida,33801,(863) 934-9993,+18639349993,,,,https://www.google.com/maps/search/?api=1&query=AMX%20ROOFER&query_place_id=ChIJs4SO6WGgimMRIAqcCfomXw0,Roofing contractor,Roofing contractor,roofing contractor,ChIJs4SO6WGgimMRIAqcCfomXw0
American Quality Roofing,"304 E Pine St #1085, Lakeland, FL 33801",Lakeland,Florida,33801,(863) 400-3203,+18634003203,https://americanqualityroofing.com/contact/,,,https://www.google.com/maps/search/?api=1&query=American%20Quality%20Roofing&query_place_id=ChIJ23yxIv1654gRxP4xqhgO05o,Contractor,Contractor,roofing contractor,ChIJ23yxIv1654gRxP4xqhgO05o
Permatile Roofing,"2941 Parkway St, Lakeland, FL 33811",Lakeland,Florida,33811,(800) 394-5952,+18003945952,https://www.advaluminum.com/permatile-metal-roofing/,,,https://www.google.com/maps/search/?api=1&query=Permatile%20Roofing&query_place_id=ChIJVVWVl5k53YgRdAWFYnDbWik,Contractor,Contractor,roof repair,ChIJVVWVl5k53YgRdAWFYnDbWik
