Company,Likely main contact (name),Contact source,Phone,Website,Facebook page,Address,City,Zip,Google rating,Google reviews,DBPR license #,DBPR status,Sunbiz status,Sources found in,Notes
RIG Roofing,Amy R Nolan (Registered Agent),Sunbiz officer,(863) 294-4477,https://rigroofing.com/,https://www.facebook.com/RIGroofing/,"2001 Havendale Blvd NW, Winter Haven, FL 33881",Winter Haven,33881,4.8,650,,,DISSOLVED,Maps+Sunbiz,"Matched to 'RIG Roofing Franchise LLC' (address matches exactly); dissolution event filed 07/24/2024. This may be a separate franchising entity (rigroofingfranchise.com) rather than the local operating business - ambiguous. A separate active 'RIG Roofing' entity was also found at a different Windermere, FL address (unrelated match)."
High Tower Roofing,"SANGER, ROBERT EUGENE III",DBPR qualifier,(863) 334-3103,http://hightowerroofing.com/?utm_campaign=gmb,https://www.facebook.com/HighTowerRoofing/,"5302 Florida Ave S Ste 208, Lakeland, FL 33813",Lakeland,33813,4.8,635,CCC1330095,Active,ACTIVE,Maps+DBPR+Sunbiz,"Entity: High Tower Roofing & Contracting, LLC, doc# L12000070088. Address matches input.; One of 3 Polk County branch locations for this company"
Stronghold Roofing,"PATTERSON, NATHANIEL CURTIS",DBPR qualifier,(863) 400-3323,https://strongholdroofing.com/?utm_campaign=gmb&utm_medium=gmb&utm_source=google,https://www.facebook.com/StrongholdRoofingSolar/,"1820 E Edgewood Dr, Lakeland, FL 33803",Lakeland,33803,4.8,470,CCC1331698,Active,not found,Maps+DBPR,"Sunbiz search surfaced 'Stronghold Roofing LLC' at a Miami, FL address, not matching Lakeland - likely a different/unrelated entity. Could not confirm the correct Lakeland entity within search budget (sunbiz.org blocks direct page fetch). DBPR contact already on file per brief."
Bob & Jerry's Roofing Inc.,"DUNNING, ROBERT WILLIAM II",DBPR qualifier,(863) 965-9595,https://www.bobandjerrys.com/,https://www.facebook.com/BobandJerrysRoofingInc,"219 Orange St, Auburndale, FL 33823",Auburndale,33823,4.9,436,CCC1332821,Active,not found,Maps+DBPR,"Sunbiz search surfaced only a similarly-named but different entity ('Bob & Jerry's Home Repair Service, Inc.'); could not confirm the exact matching entity within search budget. DBPR contact already on file per brief."
K.L. Smith Inc.,,unknown,(863) 500-7611,https://klsmithinc.com/?src=google_mybusiness,https://www.facebook.com/klsmith.roofing/,"2519 Buckskin Rd, Lakeland, FL 33801",Lakeland,33801,4.9,315,,,not found,Maps,"Sunbiz entity confirmed to exist (K.L. Smith, Inc., doc# M97725) but status/officer detail was not retrievable within search budget (sunbiz.org blocks direct page fetch). Ken Smith is the publicly known founder/owner per company site/LinkedIn - not confirmed via Sunbiz officer record."
Jack Hall Jr's Construction Aluminum,Jack R Hall Jr (President and Registered Agent),Sunbiz officer,(863) 667-0068,http://www.jackhalljr.com/,https://www.facebook.com/JackHallJrsConstructionAluminum/,"3616 Waterfield Pkwy, Lakeland, FL 33803",Lakeland,33803,4.6,279,,,ACTIVE,Maps+Sunbiz,"Entity: Jack Hall Jr's Construction & Aluminum, Inc., doc# K34056, FEI 59-2909987. Reinstated 11/13/2018. Address matches input."
Musick Roofing,"MUSICK, MICHAEL LEN JR",DBPR qualifier,(863) 904-5350,http://www.musickroofing.com/,https://www.facebook.com/musickroofing/,"3600 County Line Rd, Lakeland, FL 33811",Lakeland,33811,4.9,240,CCC1331352,Active,INACTIVE,Maps+DBPR+Sunbiz,"Sunbiz shows 'Musick Roofing LLC' (filed 2018) administratively dissolved 09/27/2019. The currently operating business is branded 'Musick Construction & Roofing, LLC' per BBB - likely re-registered under a different/renamed entity after dissolution; not confirmed within search budget. DBPR contact already on file per brief."
"1st Class Roofing, Inc.","Dovonna J Roberts (VP, Registered Agent); Glenn J Roberts Jr",Sunbiz officer,(863) 324-4043,https://www.1stclassroofingincfl.com/,https://www.facebook.com/1stClassRoofingInc/,"1815 Thornhill Rd Ste 301S, Auburndale, FL 33823",Auburndale,33823,4.8,238,,,ACTIVE,Maps+Sunbiz,Entity doc# P13000082093. Address matches input.
Gullett Roofing,"GULLETT, BRIAN THOMAS",DBPR qualifier,(863) 412-2821,http://www.gullettroofing.com/,https://www.facebook.com/p/Gullett-Roofing-61585705867799/,"535 Bracey Rd, Lakeland, FL 33809",Lakeland,33809,5,208,CCC1328860,Active,ACTIVE,Maps+DBPR+Sunbiz,"Entity: Gullett Roofing, LLC, doc# L06000117465. Address matches input."
Copeland's Complete Construction LLC,"Jacob C Copeland (President, Manager, Registered Agent)",Sunbiz officer,(863) 213-0543,https://www.copelandscompleteconstruction.com/,https://www.facebook.com/CopelandsCompleteConstructionLLC/,"1048 1/2 US-92, Auburndale, FL 33823",Auburndale,33823,5,177,,,ACTIVE,Maps+Sunbiz,"Entity doc# L17000124629, FEI 82-1824807. Reinstated 10/04/2019. Address matches input."
Mighty Dog Roofing of Central Florida,,unknown,(863) 766-2329,https://www.mightydogroofing.com/central-florida-fl/?utm_source=omg-gbp&utm_medium=webclick,https://www.facebook.com/MightyDogRoofingCentralFlorida/,"200 Orange Co Cir, Winter Haven, FL 33881",Winter Haven,33881,4.9,169,,,not found,Maps,Franchise business; could not locate a matching Sunbiz entity within search budget - likely registered under a different corporate/franchise LLC name. Public sources name the local owner only as 'Elliot' (last name not found).
Collis Roofing,Joyce Lanier (Vice President); Rinaldo J Cartaya Esq (Registered Agent),Sunbiz officer,(863) 682-5700,https://www.collisroofing.com/,https://www.facebook.com/collisroofinginc/,"2323 W Memorial Blvd, Lakeland, FL 33815",Lakeland,33815,4.5,147,,,not found,Maps,"Large multi-branch roofer headquartered near Longwood/Orlando; Sunbiz address on file is the corporate registered agent (Orlando), not the Lakeland branch at 2323 W Memorial Blvd. Current status not confirmed within search budget."
"STGO Pro4mance, LLC.",Emmanuel Santiago; Angel G. Santiago (both Managers),Sunbiz officer,(863) 343-3084,http://www.stgopro4mance.com/,https://www.facebook.com/stgopro4mance/,"121 Webb Dr #209, Davenport, FL 33837",Davenport,33837,5,147,,,ACTIVE,Maps+Sunbiz,"Entity doc# L20000314548, FEI 85-3149574. Address matches input exactly. Registered agent on file is a commercial service (Anderson Registered Agents, Inc.) - Santiago names are the actual managers/owners."
Trimm Roofing,"TRIMM, NATHANE",DBPR qualifier,(863) 276-6300,https://trimmroofing.com/,https://www.facebook.com/TrimmRoofing/,"2500 Drane Field Rd Ste 101, Lakeland, FL 33811",Lakeland,33811,4.8,146,CCC1335191,Active,ACTIVE,Maps+DBPR+Sunbiz,"Entity doc# L21000241242, FEI 87-0949808. Reinstated 10/12/2023. Address matches input."
"Feichtel Roofing, Inc","FEICHTEL, ANTHONY HOWARD JR",DBPR qualifier,(863) 220-5488,https://feichtelroofinginc.com/,https://www.facebook.com/p/Feichtel-Roofing-Inc-61551168235825/,"416 Pine Ave, Polk City, FL 33868",Polk City,33868,4.9,137,CCC1334969,Active,not found,Maps+DBPR,"Could not retrieve Sunbiz entity detail within search budget (sunbiz.org blocks direct page fetch). Anthony Howard Feichtel / Anthony Howard Feichtel Jr. are named per state contractor license board records, not confirmed via Sunbiz. DBPR contact already on file per brief."
Straight Forward Construction,,unknown,(863) 289-6654,https://straightforwardconstruction.com/?utm_source=google&utm_medium=business_profile&utm_campaign=website,https://www.facebook.com/straightforwardcon/,"305 Gandy Rd, Auburndale, FL 33823",Auburndale,33823,4.9,124,,,not found,Maps,Could not confirm matching Sunbiz entity within search budget. Conflicting public ownership info: BuildZoom lists owner as Jason M. Westfall; the company's own site credits founder Jacob Echeverri (USMC veteran) - flagging for manual verification.
Eustis Roofing Company,,unknown,(863) 340-7653,http://eustisroofing.com/?utm_source=gbp&utm_medium=organic&utm_campaign=clw-na-gbp-con-all-all-all-reglr-current-reglr-na-na-gpb_listing_lkl,https://www.facebook.com/EustisRoofingCompany/,"2500 Drane Field Rd Ste 103, Lakeland, FL 33811",Lakeland,33811,5,123,,,not found,Maps,"Confirmed as a Foreign LLC on Sunbiz ('Eustis Roofing Company, LLC') with a Lakeland address matching input, but officer/registered agent names and current status were not retrievable within search budget. Company HQ is in Tavares, FL; this is a branch location."
Taylor's Roofing,"MCRAE, REAMONN SCOTT",DBPR qualifier,(863) 676-2555,http://taylors-roofing.com/,https://www.facebook.com/TaylorsRoofing108/,"108 Dr JA Wiltshire Ave, Lake Wales, FL 33853",Lake Wales,33853,4.8,121,CCC1329989,Active,not found,Maps+DBPR,"Entity: Taylor's Roofing, LLC, doc# L17000235546. Address matches input. Current status (active/inactive) not explicitly confirmed within search budget, though managers were identified. DBPR contact already on file per brief."
Graham Aluminum & Home Improvement,Ashton Graham (Registered Agent and Manager),Sunbiz officer,(866) 863-4169,https://grahamaluminum.com/,https://www.facebook.com/p/Graham-Aluminum-100068398339799/,"2225 E Main St, Lakeland, FL 33801",Lakeland,33801,3.9,121,,,not found,Maps,Sunbiz registered-agent address (500 S Florida Ave) differs from the operating address in the brief (2225 E Main St) - likely the same company with a different mailing address on file. Status not confirmed within search budget. Public sources also cite owners Jack and Kelley Graham.
CH Evans Roofing,Charles H Evans Jr; Charles H Evans III (Manager Members),Sunbiz officer,(863) 220-7290,https://www.chevansroofingfl.com/roofing-company-winter-haven-fl/,https://www.facebook.com/p/CH-Evans-Roofing-100063786350038/,"5601 Cypress Gardens Rd, Winter Haven, FL 33884",Winter Haven,33884,4.9,118,,,not found,Maps,Address matches input exactly. Current status (active/inactive) not explicitly confirmed within search budget.
Priority Roofing,Will Miller; Micah McQueen,Sunbiz officer,(863) 701-4746,https://priorityroofs.com/location/lakeland/,https://www.facebook.com/p/Priority-Roofing-of-Lakeland-61562501354870/,"4460 Florida National Dr Suite 4460-2, Lakeland, FL 33813",Lakeland,33813,4.9,116,,,ACTIVE,Maps+Sunbiz,Sunbiz mailing address (Orlando) differs from given Lakeland location - likely HQ/mailing address for multi-branch roofer; entity is Priority Roofing of Lakeland LLC (L23000261540)
Elements Home Solutions Inc.,"VEGA MELENDEZ, VIVIANETTE",DBPR qualifier,(407) 946-1880,https://ehsflorida.com/,https://www.facebook.com/EHSFloridaRoofing/,"2127 S 30th St, Haines City, FL 33844",Haines City,33844,5,112,CCC1331885,Active,ACTIVE,Maps+DBPR+Sunbiz,
DBR Construction LLC,Brandon C Betts,Sunbiz officer,(863) 602-4200,http://dbrconstructionllc.com/?utm_source=gmb&utm_medium=referral,https://www.facebook.com/bestinpolk/,"1725 George Jenkins Blvd Ste B, Lakeland, FL 33815",Lakeland,33815,4.9,110,,,ACTIVE,Maps+Sunbiz,FB page handle (bestinpolk) differs from business name but address/phone/description confirmed match
American Roofing FL,"TORRES, JOHNATHAN W",DBPR qualifier,(863) 360-6804,https://www.americanroofingfl.com/,https://www.facebook.com/Americanroofingconstructionfl/,"415 20th St SW, Winter Haven, FL 33880",Winter Haven,33880,4.8,104,CCC1334393,Active,ACTIVE,Maps+DBPR+Sunbiz,"Entity name American Roofing FL LLC; already had DBPR contact per input, officer lookup skipped"
JDM Roof Restoration,,unknown,(863) 604-9387,https://jdmroofrestoration.com/,https://www.facebook.com/p/JDM-Roof-Restoration-100093665325771/,"103 Oak Square N, Lakeland, FL 33813",Lakeland,33813,5,94,,,not found,Maps,Not found on Sunbiz under this name after 2 tries - likely sole proprietorship/DBA; unrelated dissolved entity 'Roof Restore Inc' (1996-1998) is NOT a match
Robert Binns Roofing Inc.,"BINNS, ROBERT W",DBPR qualifier,(863) 576-4065,https://www.robertbinnsroofing.com/,https://www.facebook.com/p/Robert-Binns-Roofing-Inc-100063840173257/,"5918 E County Rd 542 W, Winter Haven, FL 33880",Winter Haven,33880,4.4,90,CCC1325548,Active,ACTIVE,Maps+DBPR+Sunbiz,
O'Neal's Roofing Co.,"O'NEAL, ALICE COURSON",DBPR qualifier,(863) 557-0288,http://www.onealsroofing.com/,https://www.facebook.com/onealsroofing/,"6950 Barbara Jean Ln, Polk City, FL 33868",Polk City,33868,4.9,90,CCC1334246,Active,ACTIVE,Maps+DBPR+Sunbiz,"Entity O'Neal's Roofing Co. of Lakeland Inc (S87117), reinstated 8/4/2022"
Affordable Roofing (LLC),Rafael M. Pereyra,Sunbiz officer,(863) 228-8232,https://affordableroofingllc.com/,https://www.facebook.com/affordableroofingllcfl/,"5387 Baker Dairy Rd, Haines City, FL 33844",Haines City,33844,5,87,,,ACTIVE,Maps+Sunbiz,
Solar Energy Specialist Corp,"BOUTHNER, TANESHA LASHAY",DBPR qualifier,(866) 407-2047,https://www.solarandenergyspecialists.com/?utm_source=google&utm_medium=gmb&utm_campaign=seo,https://www.facebook.com/solarenergyspecialistcorp/,"1130 1st St S, Winter Haven, FL 33880",Winter Haven,33880,4.8,86,CCC1335469,Active,ACTIVE,Maps+DBPR+Sunbiz,"Already had DBPR contact per input, officer lookup skipped"
Elite LLC,,unknown,(863) 651-5890,http://eliteinsulationcfl.com/,,"1631 Mann Rd, Lakeland, FL 33810",Lakeland,33810,4.9,85,,,not found,Maps,"Ambiguous - no Sunbiz entity named exactly 'Elite LLC' found; only 'Elite Insulation LLC' (L22000219458, ACTIVE) registered at the same address (1631 Mann Rd, Lakeland) - possible name mismatch, needs manual verification. No confirmed Facebook page found either."
America Top Roofing,Anahi Solares Baranda,Sunbiz officer,(863) 733-2171,https://americatoproofing.com/,https://www.facebook.com/americatoproofing/,"2420 N Crystal Lake Dr Ste 204, Lakeland, FL 33801",Lakeland,33801,5,84,,,ACTIVE,Maps+Sunbiz,"Sunbiz address (Crystal Hills Loop S) differs from provided address (2420 N Crystal Lake Dr Ste 204) - same zip, likely a suite/mailbox change; verify current"
Boral Roofing Lake Wales,,unknown,(863) 824-1289,,,"200 Story Rd, Lake Wales, FL 33898",Lake Wales,33898,3.7,82,,,not found,Maps,"This is a manufacturing plant/facility of Boral/Westlake Royal Roofing Solutions (large multinational building-products maker), not an independently Sunbiz-registered local roofing contractor - likely not a genuine outbound sales lead in the usual small-business sense"
Central Florida Exterior Inc.,"GIDDENS, DAVID FRANK",DBPR qualifier,(813) 478-9229,https://cfexterior.com/,https://www.facebook.com/cfexterior/,"1324 Olive St, Lakeland, FL 33815",Lakeland,33815,4.7,80,CCC1330652,Active,ACTIVE,Maps+DBPR+Sunbiz,"Already had DBPR contact per input, officer lookup skipped"
Pitch Perfect Roofing Systems,"PARKER, JERRY DUANE",DBPR qualifier,(863) 205-4664,http://www.pitchperfectroofer.com/,https://www.facebook.com/p/Pitch-Perfect-Roofing-Systems-61557371565592/,"120 S Woodlawn Ave, Bartow, FL 33830",Bartow,33830,4.9,70,CCC1335772,Active,ACTIVE,Maps+DBPR+Sunbiz,
"The Dantzler Group, Inc.",Joel A. Dantzler Jr. (President),Sunbiz officer,(863) 210-2803,https://dantzlergroup.com/,https://www.facebook.com/DantzlerGroup/,"332 Ave B SW 300 31, Winter Haven, FL 33880",Winter Haven,33880,4.8,68,,,ACTIVE,Maps+Sunbiz,"Entity P95000080030, filed 1995; admin dissolution was cancelled/reinstated in 2009, currently active. Multi-location company (Jacksonville + Winter Haven)"
Five Points Roofing,"RAY, ANGELA MASHELLE",DBPR qualifier,(863) 660-5834,https://fivepointsroofingfl.com/,https://www.facebook.com/p/Five-Points-Roofing-100089237822189/,"2587 Colonel Ford Dr, Lakeland, FL 33813",Lakeland,33813,5,64,CCC1333259,Active,not found,Maps+DBPR,No Sunbiz record surfaced in search results after 2 tries - not verified; possible sole proprietorship or DBA. Already had DBPR contact per input.
"Ring Roofing, Inc.",Curtis Scott Ring (Registered Agent),Sunbiz officer,(863) 337-5139,https://ringroofinginc.com/,,"1329 E Main St, Lakeland, FL 33801",Lakeland,33801,4.3,60,,,INACTIVE,Maps+Sunbiz,"Sunbiz shows voluntary dissolution filed 8/9/2024 - entity is now inactive/dissolved. Business listings (BBB, Yelp) still show it as operating; flag for verification before outreach. No Facebook page confirmed in 2 tries."
"Central Florida Roofing, LLC","KATROS, ANDREW F",DBPR qualifier,(863) 293-3696,http://www.centralfloridaroofingllc.com/,https://www.facebook.com/p/Central-Florida-Roofing-LLC-100057556355073/,"1027 Snively Ave, Winter Haven, FL 33880",Winter Haven,33880,4.5,59,CCC1325940,Active,ACTIVE,Maps+DBPR+Sunbiz,"Already had DBPR contact per input, officer lookup skipped"
"Budget Roofing Service, Inc.","WILLIAMS, CHRISTOPHER RYAN; WILLIAMS, GREGORY REUBEN",DBPR qualifier,(863) 967-6675,https://budgetroofingservice.com/,https://www.facebook.com/p/Budget-Roofing-Service-Inc-100063629109076/,"5011 Recker Hwy, Winter Haven, FL 33880",Winter Haven,33880,4.6,59,CCC1328257; CCC1330277,Active,ACTIVE,Maps+DBPR+Sunbiz,"Already had DBPR contact per input, officer lookup skipped"
Quick Roofing - Central FL,,unknown,(863) 201-6025,http://www.quickroofing.com/,,"2335 Commerce Point Dr #160, Lakeland, FL 33801",Lakeland,33801,4.5,59,,,not found,Maps,"Quick Roofing is a large multi-state franchise ('America's Trusted Roofer Since 1984', 30+ locations); could not confirm a distinct Sunbiz entity matching the given Commerce Point Dr address, nor a location-specific Facebook page, within search limits - flag for manual verification"
"JAM Construction & Development, Inc.","MENDOZA, RICHARD",DBPR qualifier,(800) 680-9785,https://www.builtbyjam.com/,https://www.facebook.com/builtbyjam/,"Lakeland, FL 33801",Lakeland,33810,4.9,55,CCC1331604,Active,ACTIVE,Maps+DBPR+Sunbiz,Sunbiz address (122 E Main St) differs from given address but same city/zip; officers are President/VP/Office Manager
Goff Roof Systems,"GOFF, MICHAEL RALPH",DBPR qualifier,(863) 680-1748,https://goffroofsystems.com/,https://www.facebook.com/GoffRoofSystems/,"1725 E Gary Rd, Lakeland, FL 33801",Lakeland,33801,4.6,54,CCC1329738,Active,ACTIVE,Maps+DBPR+Sunbiz,Sunbiz address differs from given business address (1725 E Gary Rd) - likely owner home address on file vs shop location; same city
Integrity Homes & Construction Inc.,"OWENS, CHRISTOPHER S; OWENS, SEAN",DBPR qualifier,(863) 551-1701,https://integrityhomesconstructionandroofing.com/,https://www.facebook.com/IntegrityHomesandConstruction/,"207 E Bridgers Ave, Auburndale, FL 33823",Auburndale,33823,4.5,53,CCC1329135; CCC1331139,Active,ACTIVE,Maps+DBPR+Sunbiz,Sunbiz address differs from given (207 E Bridgers Ave) but same city/zip
Ray's Roofing of Central Florida INC,Gary D Ray; Gary D Ray Jr,Sunbiz officer,(863) 967-3170,http://raysroofing.org/,https://www.facebook.com/p/Rays-Roofing-of-Central-Florida-INC-61577874846989/,"807 Braddock Rd, Auburndale, FL 33823",Auburndale,33823,4.2,49,,,ACTIVE,Maps+Sunbiz,"Exact address match; several similarly-named Ray's roofing FB pages exist, picked the one explicitly named '...INC'"
RK Roofing and Sheet Metal,"KILPATRICK, ROBERT LEVON",DBPR qualifier,(863) 875-2275,https://rkroofingfl.com/,https://www.facebook.com/p/RK-Roofing-Sheetmetal-LLC-100076152494487/,"5105 Recker Hwy, Winter Haven, FL 33880",Winter Haven,33880,4.5,44,CCC044024,Active,ACTIVE,Maps+DBPR+Sunbiz,"Exact address match; registered agent on file is a law firm (Spiegel & Utrera P.A.), used officer name instead"
Vortex Roofing Solutions,Jorge Perez; Mathew D Perez,Sunbiz officer,(407) 717-3104,http://www.vortexroofingsolutions.com/,https://www.facebook.com/vortexroofingsolutions/,"2062 Southern Breeze Dr unit 105, Davenport, FL 33897",Davenport,33897,4.9,44,,,ACTIVE,Maps+Sunbiz,Registered agent address matches given address exactly; Sunbiz principal address on file (Deltona) differs
One Stop Kitchen And Bath,,unknown,,http://www.onestopkitchenandbath.com/,,"112 Polo Park E Blvd, Davenport, FL 33897",Davenport,33897,4.9,44,,,not found,Maps,No matching Sunbiz corp/LLC entity found at this address after 2 searches - likely unregistered sole proprietor or fictitious-name filing; no confirmed Facebook page found either
QES services llc,Cheyenne C Hughes; Joshua Queen; Forest E Trumble,Sunbiz officer,(863) 326-0858,http://qesservices.com/,https://www.facebook.com/QueenExteriorSolutions/,"2050 Normandy Heights Dr, Winter Haven, FL 33880",Winter Haven,33880,5,43,,,ACTIVE,Maps+Sunbiz,Exact address match; also operates as 'Queen Exterior Solutions' per BBB/Facebook
JHI Roofing,Joshua Souza Medina; Ronielly Oliveira Silva,Sunbiz officer,(407) 928-4544,https://jhiroofing.com/,https://www.facebook.com/jhiroofing,"147 N Hampton Dr, Davenport, FL 33897",Davenport,33897,4.8,43,,,ACTIVE,Maps+Sunbiz,Exact address match
Statewide Roofing & Sheet Metal Inc.,Curtiss Dell James; William James; Kristi Wilson,Sunbiz officer,(863) 686-1451,http://www.swrflorida.com/,https://www.facebook.com/statewideroofing851/,"851 Plateau Ave, Lakeland, FL 33815",Lakeland,33815,4.8,42,,,ACTIVE,Maps+Sunbiz,"Exact address match; Sunbiz entity name on file is 'Statewide Roofing & Sheetmetal, Inc.' (one word), minor spelling variant"
West Orange Roofing,Roy Ritenour; Bobby Swindle Jr; Clarke Ryan,Sunbiz officer,(863) 965-8920,https://www.westorangeroofing.com/?UTM_source=GMB_listing&UTM_medium=organic,https://www.facebook.com/WestOrangeRoofing/,"926 Magnolia Ave, Auburndale, FL 33823",Auburndale,33823,4.6,42,,,ACTIVE,Maps+Sunbiz,"Ambiguous - multiple similar Sunbiz entities found (older Auburndale/Tavares Inc, now inactive; current active LLC HQ'd in Fort Myers as a multi-branch operator with an Auburndale service branch per company website). Used the current active LLC; sunbiz address is corporate HQ, not the local branch at the given address"
Greenstar Panels,Arthur P White,Sunbiz officer,(813) 860-8495,http://greenstarpanels.com/,https://www.facebook.com/greenstarpanels/,"1704 S Combee Rd, Lakeland, FL 33801",Lakeland,33801,4.2,42,,,ACTIVE,Maps+Sunbiz,Exact address match
Steel Roofing Systems,Steve Smith; Cathy D Smith,Sunbiz officer,(863) 701-7170,,,"3049 Drane Field Rd, Lakeland, FL 33811",Lakeland,33811,4.9,42,,,ACTIVE,Maps+Sunbiz,Exact address match; no confirmed Facebook business page found after 2 searches
Merritt Roofing and Construction Inc,"MERRITT, WAYNE WARREN",DBPR qualifier,(863) 967-5711,https://merrittroofingpolk.com/?utm_source=Google&utm_medium=Organic&utm_campaign=GBP,https://www.facebook.com/p/Merritt-Roofing-And-Construction-Inc-100090185311237/,"300 Lake George Rd, Lake Alfred, FL 33850",Lake Alfred,33850,3.8,41,CCC1326689,Active,ACTIVE,Maps+DBPR+Sunbiz,"Exact address match; Sunbiz entity name on file is 'Merritt Roofing, Inc.' (without 'and Construction') - same business confirmed by address/phone"
Mission Ready Roofing and Construction,Michael O'Sullivan; Randall Clark,Sunbiz officer,(863) 692-6278,https://www.missionrrc.com/,,"543 Ave K SE, Winter Haven, FL 33880",Winter Haven,33880,4.9,40,,,ACTIVE,Maps+Sunbiz,"Exact address match; LLC formed 2025 (active), supersedes an earlier now-inactive Inc at the same address; no confirmed own Facebook business page found after 2 searches (only a Chamber of Commerce welcome post tagging them)"
Mike Lombard & Son Roofing,"LOMBARD, MICHAEL GERARD",DBPR qualifier,(863) 289-5324,http://www.mlsroofs.com/,https://www.facebook.com/MLSroofs/,"Lakeland, FL 33805",Lakeland,33805,4.6,39,CCC042862,Active,not found,Maps+DBPR,No matching Sunbiz corp/LLC entity found under this name - likely a sole proprietorship not registered as corp/LLC; Facebook page confirmed via web search
Skyview Roofing Experts LLC,"SANCHEZ, KEVIN ADRIAN",DBPR qualifier,(863) 282-5107,https://www.skyviewroofingexperts.com/,https://www.facebook.com/p/Skyview-Roofing-Experts-61575704142678/,"221 6th St SW, Winter Haven, FL 33880",Winter Haven,33880,5,38,CCC1336563,Active,ACTIVE,Maps+DBPR+Sunbiz,"Sunbiz address is Eagle Lake (adjacent town to Winter Haven) rather than the given Winter Haven address, same immediate area"
American Roofing and Construction FL LLC,"BELLI, RANDY VAHIT",DBPR qualifier,(863) 965-2727,https://americanroofing.construction/winter-haven/,https://www.facebook.com/Americanroofingconstructionfl/,"2219 31st St NW Ste B, Winter Haven, FL 33881",Winter Haven,33881,4.9,38,CCC1337034,Active,ACTIVE,Maps+DBPR+Sunbiz,Exact address match
Springer Peterson Roofing,"BOATWRIGHT, DANIEL LEE; SPRINGER, ROBERT D",DBPR qualifier,(800) 244-1163,https://springerpeterson.com/,https://www.facebook.com/springerpeterson/,"4410 Maine Ave, Lakeland, FL 33801",Lakeland,33801,3.6,38,CCC037012; CCC1337047,Active,ACTIVE,Maps+DBPR+Sunbiz,"Exact address match; registered agent on file is Corporation Service Company (agent-service firm); news reports show an Atlanta-based roofing firm acquired the company, which explains the multiple corporate officers"
Green Alliance USA,Angelica Diaz,Sunbiz officer,(863) 576-5571,,https://www.facebook.com/GreenAllianceRS/,"223 Commonwealth Ave N, Polk City, FL 33868",Polk City,33868,4.7,38,,,INACTIVE,Maps+Sunbiz,Sunbiz shows entity INACTIVE (likely lapsed annual report) but business appears actively operating per Facebook/BBB/reviews at the given Polk City address; registered agent address on file (Ocoee) differs from the operating address
Lakeland Roofing Installation,,unknown,,,,"3823 Old Salem Rd, Lakeland, FL 33811",Lakeland,33811,4.9,37,,,,Maps,
Polk County Gutters Company,,unknown,(863) 343-2761,https://polkcountygutterscompany.com/,,"122 E Main St #121, Lakeland, FL 33801",Lakeland,33801,5,35,,,,Maps,
"WCM Construction & Roofing, LLC",,unknown,(863) 969-3722,https://www.warrencm.com/,,"35 Don Polston Dr suite b, Eagle Lake, FL 33839",Eagle Lake,33839,4.8,34,,,,Maps,
ROMEO'S ROOFING LLC,"WOOD, DERRELL DAVID",DBPR qualifier,(863) 593-7808,http://romeosroofing.com/,,"1815 Thornhill Rd Ste 309T, Auburndale, FL 33823",Auburndale,33823,4.6,34,RC29027518,Active,,Maps+DBPR,
Merritt Pressure Cleaning,,unknown,(863) 294-3151,https://merrittpressurecleaning.com/,,"1209 W Lake Buckeye Dr, Winter Haven, FL 33881",Winter Haven,33881,5,33,,,,Maps,
Eagle Building Contractors,,unknown,(863) 965-0804,http://eaglebuildingco.com/,,"16 Alabama Ln, Auburndale, FL 33823",Auburndale,33823,4.4,32,,,,Maps,
Protect Preserve Roofing,"ALMEIDA BRITO TERCEIRO, EDSON",DBPR qualifier,(833) 777-6634,https://protectpreserveroofing.com/roofing-company-lakeland/,,"559 Laura Rd, Lakeland, FL 33815",Lakeland,33815,5,31,CCC1331655,Active,,Maps+DBPR,
"Signature Roofing & Construction, Inc",,unknown,(863) 638-2555,https://www.sigroof.net/,,"249 Wilson Ave, Babson Park, FL 33827",Babson Park,33827,3.6,31,,,,Maps,
"Tyer's Roofing, Inc. Jr Tyer","TYER, KRISTEN NICOLE",DBPR qualifier,(863) 858-1141,http://tyersroofing.com/,,"11720 Bailey Rd, Kathleen, FL 33849",Kathleen,33849,4.8,31,CCC1336878,Active,,Maps+DBPR,
Providencia Roofing & Construction,"THIGPEN, BRITTANY LORRAINE",DBPR qualifier,(863) 304-1312,https://www.providenciaroofingconstruction.com/,,"120 W Central Ave Ste 13, Winter Haven, FL 33880",Winter Haven,33880,5,29,CCC1333497,Active,,Maps+DBPR,
W.D. Hutchinson Roofing LLC,,unknown,(863) 686-3300,,,"1717 W Memorial Blvd, Lakeland, FL 33815",Lakeland,33815,5,29,,,,Maps,
Coppertop Construction & Roofing,,unknown,(863) 537-1330,https://coppertopconstructionfl.com/,,"2718 S Combee Rd, Lakeland, FL 33803",Lakeland,33803,4.8,29,,,,Maps,
Zenith Construction Services LLC,"VEGA, IGNACIO T",DBPR qualifier,(863) 241-0855,http://roofingzenith.com/,,"602 Forest St, Frostproof, FL 33843",Frostproof,33843,5,29,CCC1332988,Active,,Maps+DBPR,
Tropical Roofing Services,"CRISTO, KEVIN",DBPR qualifier,(863) 378-6889,https://www.tropicalroofingflorida.com/,,"1666 Delightful Dr, Davenport, FL 33896",Davenport,33896,4.8,29,CCC1333196,Active,,Maps+DBPR,
Ovando Roofing LLC,"EIZERE, FRANKE",DBPR qualifier,(407) 724-8717,http://ovandoroofing.com/,,"414 Monroe Ln, Haines City, FL 33844",Haines City,33844,5,27,CCC1336598,Active,,Maps+DBPR,
"Gator Roof Systems and Construction, Inc.",,unknown,(863) 216-6337,https://www.gatorroofsystems.com/,,"1111 6th St SW, Winter Haven, FL 33880",Winter Haven,33880,5,27,,,,Maps,
FL Commercial Roofing,,unknown,(863) 250-7060,https://flcommercialroofers.com/roofing-company-winter-haven-fl/,,"375 E Central Ave #5A, Winter Haven, FL 33881",Winter Haven,33881,5,26,,,,Maps,
EZ Roofing Systems,,unknown,(863) 875-1033,http://www.ezroofingsystems.com/,,"120 W Central Ave, Winter Haven, FL 33880",Winter Haven,33880,4.8,26,,,,Maps,
Haverty's Roof Cleaning,,unknown,(863) 944-6814,http://www.havertysroofcleaning.com/,,"2406 Fairmount Ave, Lakeland, FL 33803",Lakeland,33803,4.7,26,,,,Maps,
DCC Builders,,unknown,(863) 207-4900,https://dccbuilders.com/,,"209 E Bridgers Ave, Auburndale, FL 33823",Auburndale,33823,4.8,26,,,,Maps,
Remodeling FC,,unknown,(407) 613-4385,https://remodelingfcllc.com/,,"134 Mandovi St, Davenport, FL 33837",Davenport,33837,5,23,,,,Maps,
True Roofers,"PARKER, JERRY DUANE",DBPR qualifier,(863) 315-3003,https://trueroofers.com/lakeland?utm_source=google&utm_medium=organic&utm_campaign=GMBListing-Lakeland-FL,,"2829 Badger Rd #19, Lakeland, FL 33811",Lakeland,33811,4.4,22,CCC1332725,Active,,Maps+DBPR,One of 2 Polk County branch locations for this company
"Wood's Roofing & Remodeling, LLC",,unknown,(863) 513-7775,https://www.woodsroofinglakeland.com/,,"1080 80 Foot Rd, Bartow, FL 33830",Bartow,33830,4.3,21,,,,Maps,
R F Lusa & Sons Sheet Metal,"LUSA, JOSEPH EUGENE; LUSA, ROBERT FRANCIS JR; LUSA, RYAN JEROME",DBPR qualifier,(863) 682-0798,http://rflusa.com/,,"1724 Fairbanks St, Lakeland, FL 33805",Lakeland,33805,4.5,21,CCC041323; CCC049380; CCC1333018,Active,,Maps+DBPR,
Charles mikell pressure washing and roof coating and handyman,,unknown,(603) 799-6125,,,"981 Ulmer Rd, Frostproof, FL 33843",Frostproof,33843,5,21,,,,Maps,
MARSHALL'S LLC ROOFING,"LYNN, WILLIAM M",DBPR qualifier,(863) 687-1893,https://marshallsllcroofing.com/,,"3326 W 10th St, Lakeland, FL 33810",Lakeland,33810,5,20,CCC1329573,Active,,Maps+DBPR,
Mc Enany Roofers,,unknown,(863) 588-4130,http://www.mcenanyroofing.com/contact-us/,,"5650 State Rd 557, Lake Alfred, FL 33850",Lake Alfred,33850,3.4,20,,,,Maps,
Quality Plus Roofing & Solar,"HAMMEN, JOHN T",DBPR qualifier,(813) 797-9590,https://qualityplusroofing-solar.com/,,"1012 W Beacon Rd Ste 102, Lakeland, FL 33803",Lakeland,33803,4.8,19,CCC1328493,Active,,Maps+DBPR,
CentiMark Corporation,,unknown,(863) 797-1900,https://www.centimark.com/locations/tampa-florida,,"4335 Frontage Rd N, Lakeland, FL 33810",Lakeland,33810,4.8,17,,,,Maps,
Menchaca Roofing,"MENCHACA, PAULINA",DBPR qualifier,(863) 412-1449,https://www.menchacaroofing.com/,,"118 E Stuart Ave Ste d, Lake Wales, FL 33853",Lake Wales,33853,5,16,CCC1332115,Active,,Maps+DBPR,
KTM Exteriors,,unknown,(863) 703-7004,https://ktmroofs.com/?utm_source=google&utm_medium=localpack&utm_campaign=gmb_traffic&utm_term=gmb_organic,,"3635 US-92, Lakeland, FL 33801",Lakeland,33801,5,16,,,,Maps,
"American Restoration Contractors, LLC","MOBLEY, AARON ROY",DBPR qualifier,(888) 272-0163,https://www.arc-florida.com/,,"4960 Lakeland Commerce Pkwy #6, Lakeland, FL 33805",Lakeland,33805,5,16,CCC1333324,Active,,Maps+DBPR,
"Dempsey Roofing Company, Inc.","DEMPSEY, BRYAN ALLEN",DBPR qualifier,(800) 725-0716,http://dempseyroofing.com/,,"939 Browning Rd, Lakeland, FL 33811",Lakeland,33811,4.4,16,CCC1326006,Active,,Maps+DBPR,
Belcher Contractors & Roofing Inc.,"BELCHER, JAMES NEWTON II",DBPR qualifier,(813) 770-5806,,,"4025 Timberwood Dr, Lakeland, FL 33811",Lakeland,33811,3.4,16,CCC1327309,Active,,Maps+DBPR,
A.O. Wagner Construction,"ATTERSON, MARK ALAN",DBPR qualifier,(863) 299-4444,https://aowagnerfl.com/,,"3535 Lake Alfred Rd, Winter Haven, FL 33881",Winter Haven,33881,4.6,15,CCC1329076,Active,,Maps+DBPR,
Rhodes Roof Cleaning,,unknown,(863) 660-2569,http://www.rhodesroofcleaning.com/,,"3126 Panther Dr, Lakeland, FL 33812",Lakeland,33812,4.6,15,,,,Maps,
RoofCare Plus,,unknown,(863) 450-5201,http://roofcareplus.com/,,"920 Magnolia Ave, Auburndale, FL 33823",Auburndale,33823,5,15,,,,Maps,
Squarebuilt Roofing & Construction,"BENTON, GROVER LEE JR",DBPR qualifier,(863) 372-8458,https://squarebuiltco.com/?utm_source=google&utm_medium=organic&utm_campaign=gmb-primary-link,,"2 N 1st St #209, Lake Wales, FL 33853",Lake Wales,33853,4.7,14,CCC1333979,Active,,Maps+DBPR,
A.O. Roofing Services,,unknown,(863) 656-4258,https://aoroofingservices.com/,,"3535 Lake Alfred Rd, Winter Haven, FL 33881",Winter Haven,33881,5,14,,,,Maps,
Sharrett Construction,"SHARRETT, DANIEL EASOM",DBPR qualifier,(863) 840-9781,https://sharrettconstruction.com/,,"124 W Main St, Lakeland, FL 33815",Lakeland,33815,4.1,13,CCC1336656,Active,,Maps+DBPR,
TRROOFING LLC,"TORRES RODRIGUEZ, JOSE LUIS",DBPR qualifier,(863) 557-8452,http://trroofingllc.com/,,"301 N 23rd St, Haines City, FL 33844",Haines City,33844,5,12,CCC1333097,Active,,Maps+DBPR,
5 Star Services of Polk County,,unknown,(863) 241-1400,,,"338 Recker Hwy, Auburndale, FL 33823",Auburndale,33823,4.7,12,,,,Maps,
Eagle Roofing Systems LLC,"SPAIN, DAVID LEE",DBPR qualifier,(863) 662-3166,http://www.eagleroofingsys.com/,,"16 Alabama Ln, Auburndale, FL 33823",Auburndale,33823,5,12,CCC1332430,Active,,Maps+DBPR,
S & S Roofing of Central Florida Inc,,unknown,(863) 209-2646,,,"4749 US-92 E, Lakeland, FL 33801",Lakeland,33801,3.3,12,,,,Maps,
"Del Wolf Roofing, LLC","LOPEZ, AMBROSIO III",DBPR qualifier,(833) 335-9653,https://www.delwolfroofing.com/,,"318 Hidden Lk Lp, Haines City, FL 33844",Haines City,33844,5,10,CCC1337360,Active,,Maps+DBPR,
Olympus Roofing,"NEWBERRY, JACOB AARON",DBPR qualifier,(863) 232-6941,http://olympusroofing.org/,,"1190 Old Lake Alfred Rd Unit 1206, Auburndale, FL 33823",Auburndale,33823,5,10,CCC1334872,Active,,Maps+DBPR,
High Tower Roofing,Robert E Sanger III (Officer/Registered Agent),Sunbiz officer,(863) 344-5334,https://www.hightowerroofing.com/?utm_campaign=gmb,https://www.facebook.com/HighTowerRoofing/,"524 S Combee Rd, Lakeland, FL 33801",Lakeland,33801,5,10,,,ACTIVE,Maps+Sunbiz,"Entity: High Tower Roofing & Contracting, LLC, doc# L12000070088. Address matches input.; One of 3 Polk County branch locations for this company"
Chisholm Trail Roofing & Construction Florida,,unknown,(813) 515-0449,,,"4953 Southfork Dr, Lakeland, FL 33813",Lakeland,33813,5,10,,,,Maps,
Bold Craft Roofers,,unknown,(863) 281-4386,https://sites.google.com/view/bold-craft-roofers/home,,"4900 Old Nichols Rd, Mulberry, FL 33860",Mulberry,33860,4.6,10,,,,Maps,
Harper Roofing Fl,,unknown,(863) 250-7663,https://harperroofingfl.com/,,"1420 Florida Ave S Ste 2, Lakeland, FL 33803",Lakeland,33803,5,8,,,,Maps,
Sharp Tone Roofers,,unknown,(863) 281-4463,https://sites.google.com/view/sharptoneroofers/home,,"2610 Eaton Ave, Lakeland, FL 33803",Lakeland,33803,5,8,,,,Maps,
Double J Roofing,"TYER, LINDA SUE",DBPR qualifier,(863) 858-7041,,,"7210 Elmer Dees Rd, Lakeland, FL 33810",Lakeland,33810,5,8,CCC057022,Active,,Maps+DBPR,
All American Professional Roofing,"CASHBAUGH, JOHN LAWRENCE III",DBPR qualifier,(863) 934-1000,http://allamericanproroofing.net/,,"559 Marklen Loop, Polk City, FL 33868",Polk City,33868,5,8,CCC1329579,Active,,Maps+DBPR,
Forrest and Sons Roofing,,unknown,(352) 348-9122,https://forrestandsonsroofing.com/,,"2400 Parakeet Park Blvd, Lake Wales, FL 33859",Lake Wales,33859,4.5,8,,,,Maps,
Alberson's Tile Roof Glaze,,unknown,(863) 949-6245,http://www.hydro-sheen.com/,,"39 W Crystal Ave, Lake Wales, FL 33853",Lake Wales,33853,5,7,,,,Maps,
Veterans Roofing & Property Maintenance,,unknown,(844) 824-0856,https://www.vetroofpm.com/,,"2770 Recker Hwy, Winter Haven, FL 33880",Winter Haven,33880,5,7,,,,Maps,
Color Verse Roofers,,unknown,(863) 509-5237,https://sites.google.com/view/colorverseroofers/home,,"511 Ave F NW, Winter Haven, FL 33881",Winter Haven,33881,5,7,,,,Maps,
"Barber & Associates, Commercial Roofing",,unknown,(813) 862-2015,https://barberjax.com/,,"4325 FL-60, Mulberry, FL 33860",Mulberry,33860,2.6,7,,,,Maps,
Solar Optimum Florida,,unknown,(800) 552-9970,https://solaroptimum.com/,,"3810 Drane Field Rd, Lakeland, FL 33811",Lakeland,33811,5,7,,,,Maps,
Bennett Construction & Roofing,"BENNETT, KENNETH ANDREW",DBPR qualifier,(863) 293-2512,http://www.bennettconstructionandroofing.com/,,"1211 6th St SW, Winter Haven, FL 33880",Winter Haven,33880,4.3,6,CCC057758,Active,,Maps+DBPR,
Bartow Roofing Experts,,unknown,(863) 312-7110,,,"510 E Main St, Bartow, FL 33830",Bartow,33830,5,6,,,,Maps,
Stormwall Roofing,,unknown,(863) 937-9774,https://stormwallroofing.com/,,"1065 Florida Ave S, Lakeland, FL 33803",Lakeland,33803,5,5,,,,Maps,
Archer Exteriors,"GASIEWSKI, ROBERT S",DBPR qualifier,(863) 644-8516,https://www.archerexteriors.com/,,"2500 Drane Field Rd Ste 108, Lakeland, FL 33811",Lakeland,33811,3.4,5,CCC1330951,Active,,Maps+DBPR,
A-Squared Construction & Roofing Company LLC.,,unknown,(863) 508-5740,https://topusafacts.top/details/asquared-construction-roofing-company-llc-ChIJ28U,,"20 Lake Eloise Ln, Winter Haven, FL 33884",Winter Haven,33884,5,4,,,,Maps,
"RSM Builders, Inc.","MANN, RICHARD ALLEN SR",DBPR qualifier,(863) 589-5994,https://www.rsmbuilders.com/,,"107 W Orange Ave, Lake Wales, FL 33853",Lake Wales,33853,4,4,CCC1331172,Active,,Maps+DBPR,
DBS Handyman Services & Roofing,,unknown,(863) 514-2984,https://m.facebook.com/DBSrenovations/,,"1455 Country Oaks Blvd, Lake Wales, FL 33898",Lake Wales,33898,5,4,,,,Maps,
Milam Roofing Co,"MILAM, WILLIE B JR",DBPR qualifier,(863) 967-1470,http://melgiannotti31.wix.com/mysite,,"Old Auburndale Rd, Auburndale, FL 33823",Auburndale,33823,4,4,CCC1327097,Active,,Maps+DBPR,
High Tower Roofing,Robert E Sanger III (Officer/Registered Agent),Sunbiz officer,(863) 400-3196,https://www.hightowerroofing.com/,https://www.facebook.com/HighTowerRoofing/,"65 3rd St NW, Winter Haven, FL 33881",Winter Haven,33881,5,4,,,ACTIVE,Maps+Sunbiz,"Entity: High Tower Roofing & Contracting, LLC, doc# L12000070088. Address matches input.; One of 3 Polk County branch locations for this company"
DMAV Roofing Contractor Of Lakeland,,unknown,(321) 966-2232,,,"1712 Atlanta Ct, Lakeland, FL 33803",Lakeland,33803,4,4,,,,Maps,
Robert Peet Roofing & Remodeling,"PEET, ROBERT RICHARD",DBPR qualifier,(863) 967-7530,,,"116 N Pointe Dr, Auburndale, FL 33823",Auburndale,33823,4,4,CCC1325678,Active,,Maps+DBPR,
Honor and Pride Roofing and Construction,,unknown,(863) 277-6632,https://www.honorandprideroofing.com/,,"936 E Parker St Suite 16, Lakeland, FL 33801",Lakeland,33801,5,4,,,,Maps,
All American Roofing Group Contractors,,unknown,(863) 409-1636,,,"2424 Cresap St, Lakeland, FL 33815",Lakeland,33815,4,4,,,,Maps,
Guy's Roofing & Sheet Metal,,unknown,(863) 341-6030,,,"2820 Thornhill Rd, Winter Haven, FL 33880",Winter Haven,33880,4,4,,,,Maps,
S&L ROOFING,,unknown,(863) 605-9585,https://sites.google.com/view/slroofing/home,,"12395 Tupelo Ln, Lake Wales, FL 33898",Lake Wales,33898,5,3,,,,Maps,
Florida First Roofing,,unknown,(863) 451-8515,,,"3187 US Hwy 98 N, Lakeland, FL 33805",Lakeland,33805,5,3,,,,Maps,
Weathertek Roofing and Concrete,,unknown,(863) 290-7643,https://weathertekroofingfl.com/,,"304 E Pine St, Lakeland, FL 33801",Lakeland,33801,5,3,,,,Maps,
Aura Edge Roofers,,unknown,(863) 867-1973,https://sites.google.com/view/aura-edge-roofers/home,,"105 N Kentucky Ave, Lakeland, FL 33801",Lakeland,33801,5,3,,,,Maps,
Wholesale Metal Roofing,"HUDSON, DAVID ALLEN",DBPR qualifier,(866) 863-7122,https://polkcountymetalroofs.com/,,"2225 E Main St, Lakeland, FL 33801",Lakeland,33801,5,3,RC29027985,Active,,Maps+DBPR,
Turbeville Roofing,,unknown,(863) 648-4416,http://turbevilleroofing.com/,,"2149 Emerald Ridge Dr, Lakeland, FL 33813",Lakeland,33813,5,3,,,,Maps,
"AP Construction, LLC",,unknown,(800) 513-6296,,,"330 Winston Creek Pkwy Unit F, Lakeland, FL 33810",Lakeland,33810,2.3,3,,,,Maps,
1st Class Roofing Inc.,"ROBERTS, DOVONNA JENELL",DBPR qualifier,(863) 875-3952,http://1stclassroofingincfl.com/,,"5610 Lake Fox Cir, Winter Haven, FL 33884",Winter Haven,33884,2.5,2,CCC1327267,Active,,Maps+DBPR,
Harrison Roofing,"HARRISON, ROY G",DBPR qualifier,(863) 965-8513,,,"321 Orange St, Auburndale, FL 33823",Auburndale,33823,3,2,CCC1332516,Active,,Maps+DBPR,
Lakeland Roofing Solutions,,unknown,(407) 490-2459,http://www.lakelandroofingsolutions.com/,,"304 E Pine St #1211, Lakeland, FL 33801",Lakeland,33801,5,2,,,,Maps,
Complete Roofing and Construction,"STANLEY, KENNETH JEFFREY",DBPR qualifier,(863) 583-4963,https://www.owenscorning.com/en-us/roofing/contractors/contractor-profile/215587,,"4411 US-92, Lakeland, FL 33801",Lakeland,33801,5,2,CCC1330272,Active,,Maps+DBPR,
florida state certified roofing,,unknown,(863) 777-1027,,,"6021 Florida Ave S, Lakeland, FL 33813",Lakeland,33813,5,2,,,,Maps,
T. GREGORY CONSTRUCTION | Construction Company Winter haven | Fencing Company | Roofing Expert,,unknown,(863) 294-6003,https://tgcbuilds.com/,,"2204 2nd St NE, Winter Haven, FL 33881",Winter Haven,33881,5,2,,,,Maps,
Rodney Weeks Construction,,unknown,(863) 646-4373,,,"4250 Clubhouse Rd, Lakeland, FL 33812",Lakeland,33812,1,2,,,,Maps,
Milco Construction Inc Of Florida,,unknown,(863) 709-0293,http://www.milcoconstruction.com/,,"4310 Wallace Rd, Lakeland, FL 33812",Lakeland,33812,5,2,,,,Maps,
Florida Roofing,,unknown,(407) 269-7233,,,"1224 Chelsea Dr, Davenport, FL 33897",Davenport,33897,3.5,2,,,,Maps,
Harrison Roofing Inc.,,unknown,(863) 514-0385,,,"6094 Topher Trail, Mulberry, FL 33860",Mulberry,33860,1,1,,,,Maps,
Lakeland Roofing Guys,,unknown,(863) 591-8826,http://www.roofing-lakeland.com/,,"1637 Shepherd Rd, Lakeland, FL 33811",Lakeland,33811,5,1,,,,Maps,
Lakeland Roofing Consultants,,unknown,(863) 279-4604,https://lakelandroofingconsultants.com/,,"825 E Main St #210, Lakeland, FL 33801",Lakeland,33801,5,1,,,,Maps,
"Paradise Roofing & General Contracting, LLC","HIPPLE, RYAN S",DBPR qualifier,(863) 213-4028,https://www.anotherdayinparadisefl.com/contact-us,,"240 Old Bartow Eagle Lake Rd, Bartow, FL 33830",Bartow,33830,5,1,CCC1332339,Active,,Maps+DBPR,
BNF Roofing,,unknown,(863) 250-2567,https://bnfroofing.com/lakeland-fl/,,"110 S Lake Ave #2, Lakeland, FL 33801",Lakeland,33801,5,1,,,,Maps,
Polk Roofing,,unknown,(863) 225-4599,,,"6000 Florida Ave S #7638, Lakeland, FL 33813",Lakeland,33813,1,1,,,,Maps,
Heartland Handyman Services LLC,,unknown,(863) 608-3573,,,"6297 Silver Leaf Ln, Lakeland, FL 33813",Lakeland,33813,5,1,,,,Maps,
North American Roofing,,unknown,(863) 577-6631,,,"206 Easton Dr #101, Lakeland, FL 33803",Lakeland,33803,5,1,,,,Maps,
Roof Asset Management,,unknown,(863) 701-2742,http://roof-asset.com/,,"1050 Reflections Lake Dr, Lakeland, FL 33813",Lakeland,33813,5,1,,,,Maps,
Fred Fein Construction & Roofing Inc.,,unknown,(321) 412-0037,,,"541 Brookeshire Dr, Davenport, FL 33837",Davenport,33837,5,1,,,,Maps,
S & S Roofing,,unknown,,,,"33 Bass St, Haines City, FL 33844",Haines City,33844,1,1,,,,Maps,
Westlake roofing,,unknown,,,,"200 Story Rd, Lake Wales, FL 33898",Lake Wales,33898,5,1,,,,Maps,
Jurin Roofing Services Inc.,"JURIN, CHRISTOPHOR JUSTIN; JURIN, ERIC WILLIAM",DBPR qualifier,(863) 422-3176,https://www.jurinroofingflorida.com/,,"29716 US-27, Dundee, FL 33838",Dundee,33838,,,CCC1325665; CCC1333447,Active,,Maps+DBPR,
Roofing Contractors Lakeland,,unknown,(863) 431-8550,,,"2901 Brooks St, Lakeland, FL 33803",Lakeland,33803,,,,,,Maps,
ROOF REPAIR TECH LLC,,unknown,(863) 437-4502,http://roofingcompany.lol/,,"6237 Ashley Dr, Lakeland, FL 33813",Lakeland,33813,,,,,,Maps,
Valor Roofing Company,,unknown,(863) 282-2428,https://valorroofingcompany.com/locations/lakeland-fl/?utm_source=google&utm_medium=organic&utm_campaign=gmb&utm_content=lakeland-fl,,"500 Florida Ave S 4th floor ste 487, Lakeland, FL 33801",Lakeland,33801,,,,,,Maps,
Highpoint Roofing,,unknown,,,,"1107 3rd St SW, Winter Haven, FL 33880",Winter Haven,33880,,,,,,Maps,
Roofers of Lakeland FL,,unknown,(863) 265-1655,https://roofers-of-lakeland-fl.ueniweb.com/?utm_campaign=gmb,,"5216 Florida Ave S, Lakeland, FL 33813",Lakeland,33813,,,,,,Maps,
"Providential Roofing and Construction, Inc.",,unknown,(863) 315-0664,https://providentialroofing.com/,,"1137 Bartow Rd Ste 205, Lakeland, FL 33801",Lakeland,33801,,,,,,Maps,
Brenneman Roofing,,unknown,(863) 409-8735,https://brennemanconstruction.com/roofing,,"211 E Main St Ste 109A, Lakeland, FL 33801",Lakeland,33801,,,,,,Maps,
Advanced Roofing,"BAILEY, TROY S",DBPR qualifier,(863) 603-0888,,,"330 Winston Creek Pkwy, Lakeland, FL 33810",Lakeland,33810,,,CCC1331178,Active,,Maps+DBPR,
HD Roofing & Solar,,unknown,(863) 213-6276,https://hdroofers.com/,,"3053 Drane Field Rd, Lakeland, FL 33811",Lakeland,33811,,,,,,Maps,
Huntington Roofing,,unknown,(863) 667-1275,,,"3375 US Hwy 98 N, Lakeland, FL 33809",Lakeland,33809,,,,,,Maps,
Lakeland Roof Coatings,,unknown,(863) 859-9316,,,"7220 US Hwy 98 N, Lakeland, FL 33809",Lakeland,33809,,,,,,Maps,
RoofWire Roofing LLC,,unknown,(239) 508-6262,,,"535 Bracey Rd, Lakeland, FL 33809",Lakeland,33809,,,,,,Maps,
Specializing In Installation of Light Gauge Metal Trusses and Metal Roof Deck,,unknown,(863) 281-6565,,,"1432 Banana Rd, Lakeland, FL 33810",Lakeland,33810,,,,,,Maps,
ROOFING BY KK LLC,,unknown,,,,"306 Briar Patch Lp, Davenport, FL 33896",Davenport,33896,,,,,,Maps,
Carry On Roofing LLC,,unknown,(317) 755-8601,http://carryonroofing.com/,,"111 Via Del Sol Dr, Davenport, FL 33896",Davenport,33896,,,,,,Maps,
United Exterior Building Dreams Inc.,,unknown,(224) 522-6930,https://www.unitedexterior.net/,,"326 Chelsea Dr, Davenport, FL 33897",Davenport,33897,,,,,,Maps,
True Roofers,,unknown,(863) 968-2049,https://trueroofers.com/auburndale?utm_source=google&utm_medium=organic&utm_campaign=GMBListing-Auburndale-FL,,"1627 US-92, Auburndale, FL 33823",Auburndale,33823,,,,,,Maps,One of 2 Polk County branch locations for this company
SRC Florida,,unknown,(863) 797-9893,,,"2161 Co Rd 540A #105, Lakeland, FL 33813",Lakeland,33813,,,,,,Maps,
PR&R Construction Inc.,,unknown,,,,"851 Saddle Oaks Dr, Winter Haven, FL 33880",Winter Haven,33880,,,,,,Maps,
ICON Roofing & Construction,,unknown,(863) 345-4266,,,"1901 Shepherd Rd, Lakeland, FL 33811",Lakeland,33811,,,,,,Maps,
"ASR Associates, Inc.",,unknown,(863) 619-9776,,,"Lakeland, FL 33807",Lakeland,33807,,,,,,Maps,
Roofnova Solution,,unknown,(224) 641-6909,,,"366 Lake Daisy Cir, Winter Haven, FL 33884",Winter Haven,33884,,,,,,Maps,
Roofing RVS INC,,unknown,(863) 614-6974,,,"5145 Creekview Ln, Lakeland, FL 33811",Lakeland,33811,,,,,,Maps,
AMX ROOFER,,unknown,(863) 934-9993,,,"1605 E Memorial Blvd, Lakeland, FL 33801",Lakeland,33801,,,,,,Maps,
American Quality Roofing,,unknown,(863) 400-3203,https://americanqualityroofing.com/contact/,,"304 E Pine St #1085, Lakeland, FL 33801",Lakeland,33801,,,,,,Maps,
Permatile Roofing,,unknown,(800) 394-5952,https://www.advaluminum.com/permatile-metal-roofing/,,"2941 Parkway St, Lakeland, FL 33811",Lakeland,33811,,,,,,Maps,
FISHER & FLOYD ROOFING & SHEET,"FLOYD, WILLIAM BRUCE",DBPR qualifier,,,,P.O. BOX 223,Lake Wales,33859,,,CCC053258,Active,,DBPR,"DBPR-only record, not found on Google Maps - verify still operating"
PRICE CONSTRUCTION & ROOFING INC,"PRICE, RALPH W",DBPR qualifier,,,,555  FIRST AVENUE SOUTH,Bartow,33830,,,CCC021386,Active,,DBPR,"DBPR-only record, not found on Google Maps - verify still operating"
GUY'S DIVERSIFIED INC,"GUY, MICHAEL ALAN; OBERMARK, DANIELLE MARIE",DBPR qualifier,,,,PO BOX 946,Auburndale,33823,,,CCC048175; CCC1328643,Active,,DBPR,"DBPR-only record, not found on Google Maps - verify still operating"
STATEWIDE ROOFING/SHEETMETAL INC,"JAMES, CURTISS DELL",DBPR qualifier,,,,P O BOX 2781,Lakeland,33806,,,CCC049375,Active,,DBPR,"DBPR-only record, not found on Google Maps - verify still operating"
THOMAS SMITH & COMPANY,"SMITH, THOMAS C",DBPR qualifier,,,,3828 KNIGHTS STATION RD,Lakeland,33810,,,CCC022484,Active,,DBPR,"DBPR-only record, not found on Google Maps - verify still operating"
CLYDE TYER ROOFING CO,"TYER, MARGARET K",DBPR qualifier,,,,10311 HUNTER TRAIL,Lakeland,33809-1157,,,RC0049844,Active,,DBPR,"DBPR-only record, not found on Google Maps - verify still operating"
TOP QUALITY ROOFING COMPANY,"SANDBRINK, ANGELA C",DBPR qualifier,,,,310  HONEY BEE,Polk City,33868,,,CCC057500,Active,,DBPR,"DBPR-only record, not found on Google Maps - verify still operating"
IMPERIAL ROOFING OF POLK COUNTY INC,"HARP, DONALD AARON",DBPR qualifier,,,,5596 COMMERCIAL BLVD,Winter Haven,33880-1008,,,CCC057981,Active,,DBPR,"DBPR-only record, not found on Google Maps - verify still operating"
SEMCO CONSTRUCTION INC,"LOCKE, CARL EDWARD JR",DBPR qualifier,,,,205 CENTURY BLVD,Bartow,33830,,,CCC056927,Active,,DBPR,"DBPR-only record, not found on Google Maps - verify still operating"
WALTER GRAVES CONSTRUCTION AND ROOFING LLC,"GRAVES, WALTER ROY",DBPR qualifier,,,,1887 MOUNT PISGAH ROAD,Fort Meade,33841,,,RC0067120,Active,,DBPR,"DBPR-only record, not found on Google Maps - verify still operating"
ABCAN ASSOCIATES INC,"TANCREDI, JEFF",DBPR qualifier,,,,109  COVINGTON COVE SE,Winter Haven,33880,,,CCC058155,Active,,DBPR,"DBPR-only record, not found on Google Maps - verify still operating"
"GILCO ROOFING, INC","GILILEO, LARRY DOYLE JR",DBPR qualifier,,,,132 BURNING BUSH CV,Auburndale,33823,,,CCC058181,Active,,DBPR,"DBPR-only record, not found on Google Maps - verify still operating"
C.F. MCFADDEN JR LLC,"MCFADDEN, CHARLES FRANKLIN JR",DBPR qualifier,,,,3210 BONNYBROOK DRIVE SOUTH,Lakeland,33811,,,CCC1325542,Active,,DBPR,"DBPR-only record, not found on Google Maps - verify still operating"
STETTINIUS CONSTRUCTION INC,"STETTINIUS, MICHAEL RAINES",DBPR qualifier,,,,452 LAKE DAISY DRIVE,Winter Haven,33884,,,CCC1325707,Active,,DBPR,"DBPR-only record, not found on Google Maps - verify still operating"
FLORIDA EXTERIOR COATING INC,"GUENTHER, KEVIN J",DBPR qualifier,,,,540 HIGHWAY 17 SOUTH,Eagle Lake,33839,,,CCC1325573,Active,,DBPR,"DBPR-only record, not found on Google Maps - verify still operating"
DRYGUARD ROOFING & WEATHERPROOFING LLC,"ROY, GARY JOHN II",DBPR qualifier,,,,7721 N. SOCRUM LOOP ROAD,Lakeland,33809,,,CCC1336837,Active,,DBPR,"DBPR-only record, not found on Google Maps - verify still operating"
RAY'S ROOFING OF CENTRAL FLORIDA INC,"RAY, GARY D",DBPR qualifier,,,,807 BRADDOCK RD,Auburndale,33823,,,CCC1325843,Active,,DBPR,"DBPR-only record, not found on Google Maps - verify still operating"
TIM RINER CONSTRUCTION INC,"RINER, TIMOTHY MICHAEL",DBPR qualifier,,,,200 WGTO TOWER RD,Lake Alfred,33850,,,CCC1325781,Active,,DBPR,"DBPR-only record, not found on Google Maps - verify still operating"
A OLD TIME ROOFING,"BURNSIDE, BLAKE ALLEN",DBPR qualifier,,,,1369  CHAMPION DR,Lakeland,33801,,,CCC1327304,Active,,DBPR,"DBPR-only record, not found on Google Maps - verify still operating"
"S & S ROOFING OF POLK COUNTY, INC.","SASSER, KENNETH E JR",DBPR qualifier,,,,33 BASS STREET,Haines City,33844,,,CCC1326020,Active,,DBPR,"DBPR-only record, not found on Google Maps - verify still operating"
HUTTO CONSTRUCTION INC,"HUTTO, JIMMY L",DBPR qualifier,,,,PO BOX 728,Frostproof,33843,,,CCC1326158,Active,,DBPR,"DBPR-only record, not found on Google Maps - verify still operating"
KL SMITH INC,"SMITH, RYAN",DBPR qualifier,,,,7140 S CARTER ROAD,Lakeland,33813,,,CCC1326241,Active,,DBPR,"DBPR-only record, not found on Google Maps - verify still operating"
"UNITED FABRICATION & MAINTENANCE, INC.","ALBRITTON, LARRY LAMAR II",DBPR qualifier,,,,2417 FUSSELL ROAD,Polk City,33868,,,CCC1326515,Active,,DBPR,"DBPR-only record, not found on Google Maps - verify still operating"
DUGGAN CONSTRUCTION AND ROOFING LLC,"DUGGAN, PATRICK JOSEPH",DBPR qualifier,,,,5114 KIRKLAND RD,Lakeland,33811,,,CCC1326527,Active,,DBPR,"DBPR-only record, not found on Google Maps - verify still operating"
"HUNT, JOHN WESLEY","HUNT, JOHN WESLEY",DBPR qualifier,,,,5316 KINSLEY LANE,Lakeland,33812,,,CCC1326843,Inactive,,DBPR,"DBPR license inactive; DBPR-only record, not found on Google Maps - verify still operating"
INTEGRITY CONSTRUCTION SERVICES INC,"BROGEN, JAMES BRIAN",DBPR qualifier,,,,6355 BETHLEHEM ROAD,Mulberry,33860-9034,,,CCC1326466,Active,,DBPR,"DBPR-only record, not found on Google Maps - verify still operating"
MCCLINTOCK ROOFING LLC,"MCCLINTOCK, GEORGE WILLIAM II",DBPR qualifier,,,,1500 WATKINS RD,Haines City,33844,,,CCC1326791,Active,,DBPR,"DBPR-only record, not found on Google Maps - verify still operating"
GOLD STAR ROOFING OF FLORIDA CORP,"JARAMILLO, UZZIEL ISAIAS",DBPR qualifier,,,,6237 ASHLEY DR,Lakeland,33813,,,CCC1327243,Active,,DBPR,"DBPR-only record, not found on Google Maps - verify still operating"
RIALS ROOFING INC,"RIALS, HOMER ALLEN",DBPR qualifier,,,,104 WESTWIND LN,Auburndale,33823,,,CCC1327292,Active,,DBPR,"DBPR-only record, not found on Google Maps - verify still operating"
"GILL, JOHN JOSEPH III","GILL, JOHN JOSEPH III",DBPR qualifier,,,,155 LAKE THOMAS DRIVE,Winter Haven,33880,,,CCC1327426,Inactive,,DBPR,"DBPR license inactive; DBPR-only record, not found on Google Maps - verify still operating"
"GCR CONSTRUCTION, INC.","RUBIO, DANIEL JR",DBPR qualifier,,,,2727 BERKLEY RD,Auburndale,33823,,,CCC1327668,Active,,DBPR,"DBPR-only record, not found on Google Maps - verify still operating"
EZ ROOFING SYSTEMS LLC,"PRIESTES, AMY ALICIA",DBPR qualifier,,,,120 W CENTRAL AVE,Winter Haven,33880,,,CCC1328107,Active,,DBPR,"DBPR-only record, not found on Google Maps - verify still operating"
RIDGEBACK CONSTRUCTION LLC,"PATZER, BRANNON OREN",DBPR qualifier,,,,3855 WALYN DRIVE,Mulberry,33860,,,CCC1328481,Active,,DBPR,"DBPR-only record, not found on Google Maps - verify still operating"
"BAILEY, TROY S","BAILEY, TROY S",DBPR qualifier,,,,4094 LAKE MARIANNA DR,Winter Haven,33881,,,CCC1328625,Inactive,,DBPR,"DBPR license inactive; DBPR-only record, not found on Google Maps - verify still operating"
QMBS LLC,"DE LEON, LUIS E",DBPR qualifier,,,,1215 CANDLEWOOD DRIVE,Lakeland,33812,,,CCC1328545,Active,,DBPR,"DBPR-only record, not found on Google Maps - verify still operating"
R.I.G. CONSTRUCTION & ROOFING,"CURTIS, JAMES MICHAEL",DBPR qualifier,,,,PO BOX 252,Winter Haven,33882,,,CCC1329175,Active,,DBPR,"DBPR-only record, not found on Google Maps - verify still operating"
FRED'S CONSTRUCTION LLC,"FRED, RUBEN",DBPR qualifier,,,,320 RUBENS CIRCLE,Polk City,33868,,,CCC1329414,Active,,DBPR,"DBPR-only record, not found on Google Maps - verify still operating"
A LICENSED ROOFING COMPANY,"HARRIS, SARAH L",DBPR qualifier,,,,18400 COUNTY ROAD 630,Lake Wales,33898,,,CCC1329489,Active,,DBPR,"DBPR-only record, not found on Google Maps - verify still operating"
M S SHELTON CONSTRUCTION INC,"SHELTON, MICHAEL SCOTT",DBPR qualifier,,,,110 HIDDEN OAKS LANE,Winter Haven,33884,,,CCC1329628,Active,,DBPR,"DBPR-only record, not found on Google Maps - verify still operating"
EVANGELISTO CONSTRUCTION LLC,"EVANGELISTO, DOUG A",DBPR qualifier,,,,2424 COMMERCE PT DR,Lakeland,33801,,,CCC1329599,Active,,DBPR,"DBPR-only record, not found on Google Maps - verify still operating"
PALM CONSTRUCTION INC,"ROBERTS, GREGORY DAVID",DBPR qualifier,,,,5527 OLD BARTOW EAGLE LAKE ROAD,Winter Haven,33880,,,CCC1329842,Active,,DBPR,"DBPR-only record, not found on Google Maps - verify still operating"
DBM CONSTRUCTION LLC,"MCMILLAN, DAVID B",DBPR qualifier,,,,2505  D R BRYANT RD,Lakeland,33810,,,CCC1330611,Active,,DBPR,"DBPR-only record, not found on Google Maps - verify still operating"
"ROOFING & RENOVATION OF FLORIDA, LLC","ROBBINS, DOUGLAS",DBPR qualifier,,,,3937 Aquilla AQUILLA DR,Lakeland,33810,,,CCC1329923,Active,,DBPR,"DBPR-only record, not found on Google Maps - verify still operating"
"CHARLES H. EVANS III, LLC","EVANS, CHARLES HENRY III",DBPR qualifier,,,,5601 CYPRESS GARDENS RD,Winter Haven,33884,,,CCC1330099,Active,,DBPR,"DBPR-only record, not found on Google Maps - verify still operating"
"BILLY BROWN CONSTRUCTION, INC.","BROWN, BILLY R",DBPR qualifier,,,,3831 GAINES DR,Winter Haven,33884,,,RC29027479,Active,,DBPR,"DBPR-only record, not found on Google Maps - verify still operating"
GIER ROOFING INC,"BROWN, CHARITY NICOLE",DBPR qualifier,,,,6518 LUNN ROAD,Lakeland,33811,,,CCC1335898; RC29027491,Active,,DBPR,"DBPR-only record, not found on Google Maps - verify still operating"
FERGUSON CONSTRUCTION AND ALUMINUM,"FERGUSON, BRETT AARON",DBPR qualifier,,,,5050 RALSTON RD,Lakeland,33811,,,CCC1330730,Active,,DBPR,"DBPR-only record, not found on Google Maps - verify still operating"
"DOWELL, JAMES TIMOTHY","DOWELL, JAMES TIMOTHY",DBPR qualifier,,,,1345 COVEY CIR SOUTH,Lakeland,33809,,,CCC1330388,Inactive,,DBPR,"DBPR license inactive; DBPR-only record, not found on Google Maps - verify still operating"
JGK ROOFING LLC,"MOORE, GORDON E",DBPR qualifier,,,,6330  SINKHOLE RD,Bartow,33830,,,CCC1332970,Active,,DBPR,"DBPR-only record, not found on Google Maps - verify still operating"
KEITH TYER ROOFING LLC,"TYER, AMY ELIZABETH",DBPR qualifier,,,,400 JEH ROAD,Lakeland,33809,,,CCC1330527,Active,,DBPR,"DBPR-only record, not found on Google Maps - verify still operating"
"PROFESSIONAL WATERPROOFING SOLUTIONS, LLC.","HAMMEN, JOHN T",DBPR qualifier,,,,1518 S LAKE MIRROR DR NW,Winter Haven,33881,,,CCC1330579,Active,,DBPR,"DBPR-only record, not found on Google Maps - verify still operating"
"DEMPSEY ROOFING SERVICE, INC.","DEMPSEY, BRYAN ALLEN",DBPR qualifier,,,,939 BROWNING ROAD,Lakeland,33811,,,CCC1330598,Active,,DBPR,"DBPR-only record, not found on Google Maps - verify still operating"
"EVERDEAN CONSTRUCTION, LLC","DEAN, GEORGE RYAN",DBPR qualifier,,,,PO BOX 508,Auburndale,33823,,,CCC1330727,Active,,DBPR,"DBPR-only record, not found on Google Maps - verify still operating"
NEXT GRC LLC,"JARAMILLO, UZZIEL ISAIAS",DBPR qualifier,,,,6237  ASHLEY,Lakeland,33813-4467,,,CCC1330759,Active,,DBPR,"DBPR-only record, not found on Google Maps - verify still operating"
"RING, JAMES LEON","RING, JAMES LEON",DBPR qualifier,,,,828 PARK HILL AVENUE,Lakeland,33801,,,CCC1332754,Inactive,,DBPR,"DBPR license inactive; DBPR-only record, not found on Google Maps - verify still operating"
UNITY HOME AND PROPERTY REPAIR SOLUTIONS,"RING, CURTIS SCOTT",DBPR qualifier,,,,5739 OLD HWY 37,Lakeland,33811,,,CCC1331244,Active,,DBPR,"DBPR-only record, not found on Google Maps - verify still operating"
FRANZA CONSTRUCTION INC,"FRANCO ZAPIEN, JORGE SMITH",DBPR qualifier,,,,425 DIAMOND ACRES RD,Davenport,33837,,,CCC1331324,Active,,DBPR,"DBPR-only record, not found on Google Maps - verify still operating"
"FILOMENO ROOFING & CONSTRUCTION, LLC.","FILOMENO, CHRISTIAN",DBPR qualifier,,,,112 7TH WAHNETA ST EAST,Winter Haven,33880,,,CCC1331934,Active,,DBPR,"DBPR-only record, not found on Google Maps - verify still operating"
TRUE PRO ROOFING LLC,"PFANTZ, ROBERT GAGE",DBPR qualifier,,,,106 ANARECE AVE,Auburndale,33823,,,CCC1331929,Active,,DBPR,"DBPR-only record, not found on Google Maps - verify still operating"
"D & D HANDYMAN TEAM, LLC","MILLER, DENNIS JAMES SR",DBPR qualifier,,,,2326  CAPPS ROAD,Lake Wales,33898,,,CCC1331933,Active,,DBPR,"DBPR-only record, not found on Google Maps - verify still operating"
POLK ROOFS LLC,"WHITMAN, JEREMY R",DBPR qualifier,,,,4371 DIAMOND RD,Winter Haven,33880,,,CCC1332593,Active,,DBPR,"DBPR-only record, not found on Google Maps - verify still operating"
JANJA GROUP LLC,"STUCKEY, ANTHONY TERRELLE",DBPR qualifier,,,,752 DARING DRIVE,Davenport,33837,,,CCC1334684,Active,,DBPR,"DBPR-only record, not found on Google Maps - verify still operating"
GENESIS INNOVATIVE BUILDING SERVICES LLC,"ALBRITTON, LARRY LAMAR II",DBPR qualifier,,,,2417 FUSSELL ROAD,Polk City,33868,,,CCC1331649,Active,,DBPR,"DBPR-only record, not found on Google Maps - verify still operating"
"PROACTIVE ROOF SYSTEMS AND CONSTRUCTION, LLC","GORDON, DAVID MICHAEL",DBPR qualifier,,,,1134 LONGWOOD OAKS BLVD,Lakeland,33811,,,CCC1331768,Active,,DBPR,"DBPR-only record, not found on Google Maps - verify still operating"
"DENSON BUILDERS GROUP, L.L.C.","DENSON, DARRYL RICHARD",DBPR qualifier,,,,2205 COUNTRY LOOP SOUTH,Lakeland,33803,,,CCC1333231,Active,,DBPR,"DBPR-only record, not found on Google Maps - verify still operating"
KOOLY ROOFING INC,"SEWNARINE, PAYNE MICHEAL",DBPR qualifier,,,,215 E MAIN STREET,Dundee,33838,,,CCC1332138,Active,,DBPR,"DBPR-only record, not found on Google Maps - verify still operating"
AFTERMATH SOLUTIONS LLC,"GASIEWSKI, ROBERT S",DBPR qualifier,,,,8415 TOMOKA RUN,Lakeland,33810,,,CCC1331795,Active,,DBPR,"DBPR-only record, not found on Google Maps - verify still operating"
"WCM CONSTRUCTION & ROOFING, LLC","WARREN, MATTHEW TODD; WARREN, RONALD TODD",DBPR qualifier,,,,PO BOX 1335,Eagle Lake,33839,,,CCC1332250; CCC1334541,Active,,DBPR,"DBPR-only record, not found on Google Maps - verify still operating"
JB CORNERSTONE CONSULTING LLC,"BRACERO, JOVANNI LUIS",DBPR qualifier,,,,102 LESLIE   AVE,Winter Haven,33880,,,CCC1332074,Active,,DBPR,"DBPR-only record, not found on Google Maps - verify still operating"
INDIVIDUAL,"BINNS, TOBY; DEKLE, AUSTIN REED; GILLIGAN, DANIEL STEPHAN; HANSON, LEVI HANSON LEROY; HORNING, M JORIANE; TOWNSLEY, ALEXANDER; WALKER, DONALD PATRICK JR",DBPR qualifier,,,,109 AMBERSWEET WAY #187,Davenport,33897,,,CCC1332845; CCC1334817; CCC1334935; CCC1335220; CCC1335989; CCC1337327; RC29027952,Active,,DBPR,"DBPR-only record, not found on Google Maps - verify still operating"
"BUDGET ROOFING & CONSTRUCTION, INC.","WILLIAMS, CHRISTOPHER RYAN",DBPR qualifier,,,,PO BOX 1737,Eagle Lake,33839,,,CCC1332172,Active,,DBPR,"DBPR-only record, not found on Google Maps - verify still operating"
STALLION ROOFING AND RECONSTRUCTION LLC,"ROMERO YANEZ, DANIEL",DBPR qualifier,,,,201 HAMPDEN RD,Winter Haven,33884,,,CCC1335674,Active,,DBPR,"DBPR-only record, not found on Google Maps - verify still operating"
"LEGENDARY CONSTRUCTION, LLC","BELLINGER, MICHAEL S",DBPR qualifier,,,,P.O. BOX 486,Auburndale,33823,,,CCC1332580,Active,,DBPR,"DBPR-only record, not found on Google Maps - verify still operating"
"POSH ROOFING, LLC","CLAYTON, ERICK ASHLEY",DBPR qualifier,,,,5735 LAKE MABEL LOOP RD,Lake Wales,33898,,,CCC1332546,Active,,DBPR,"DBPR-only record, not found on Google Maps - verify still operating"
JHI ROOFING,"MEDINA, JOSHUA SOUZA",DBPR qualifier,,,,147  N HAMPTON DR.,Davenport,33897,,,CCC1333317,Active,,DBPR,"DBPR-only record, not found on Google Maps - verify still operating"
"KENNEY, JOHN HENRY III","KENNEY, JOHN HENRY III",DBPR qualifier,,,,133 ALGONQUIN TRAIL,Mulberry,33860,,,CCC1332933,Inactive,,DBPR,"DBPR license inactive; DBPR-only record, not found on Google Maps - verify still operating"
"RITE ROOFERS, LLC","SECKINGER, TREVER RAYMOND",DBPR qualifier,,,,1391 NORMANDY HEIGHTS CIRCLE,Winter Haven,33880,,,CCC1337095,Active,,DBPR,"DBPR-only record, not found on Google Maps - verify still operating"
"DBR CONSTRUCTION, LLC","BETTS, BRANDON CARLTON",DBPR qualifier,,,,885 BROCK RD,Bartow,33830,,,CCC1333156,Active,,DBPR,"DBPR-only record, not found on Google Maps - verify still operating"
JGC ROOFING CONTRACTOR INC,"GUTIERREZ, JOAQUIN",DBPR qualifier,,,,900 N 22ND ST,Haines City,33844,,,CCC1336240,Active,,DBPR,"DBPR-only record, not found on Google Maps - verify still operating"
"DSG SITE SERVICES, INC.","GILLIGAN, DANIEL STEPHAN",DBPR qualifier,,,,6011 ALLEN LN,Lakeland,33811,,,CCC1332698,Active,,DBPR,"DBPR-only record, not found on Google Maps - verify still operating"
COMMERCIAL ROOFING DEPOT,"PATTERSON, NATHANIEL CURTIS",DBPR qualifier,,,,2402 NEWPORT AVENUE,Lakeland,33803,,,CCC1332627,Active,,DBPR,"DBPR-only record, not found on Google Maps - verify still operating"
DCR TAMPA LLC,"DUGGAN, PATRICK JOSEPH",DBPR qualifier,,,,5114 KIRKLAND RD,Lakeland,33811,,,CCC1332831,Active,,DBPR,"DBPR-only record, not found on Google Maps - verify still operating"
TECTA AMERICA WEST FLORIDA LLC,"KIRKPATRICK, NORMAN L",DBPR qualifier,,,,185 LAYNEWADE RD,Polk City,33868,,,CCC1332790,Active,,DBPR,"DBPR-only record, not found on Google Maps - verify still operating"
SQUARE 1 CONSTRUCTION & DEVELOPMENT LLC,"WALSH, JONATHON",DBPR qualifier,,,,23781 US HIGHWAY 27,Lake Wales,33859,,,CCC1336221,Active,,DBPR,"DBPR-only record, not found on Google Maps - verify still operating"
"GAULT CONSTRUCTION, LLC","GAULT, LANGLEY EVERETTE",DBPR qualifier,,,,166 LAKE ROY DRIVE,Winter Haven,33884,,,CCC1333100,Active,,DBPR,"DBPR-only record, not found on Google Maps - verify still operating"
EIZERE SERVICES LLC,"EIZERE, FRANKE",DBPR qualifier,,,,376 PALMETTO AVE NE,Winter Haven,33881,,,CCC1333644,Active,,DBPR,"DBPR-only record, not found on Google Maps - verify still operating"
AMERICOM ROOFING LLC,"ASTELLO, MATTHEW PAUL",DBPR qualifier,,,,4417 GLENVIEW DR,Lakeland,33810,,,CCC1336818,Active,,DBPR,"DBPR-only record, not found on Google Maps - verify still operating"
ALPHA ROOFING CO.,"GARCIA, JATNIEL",DBPR qualifier,,,,2813 JENNIFER DRIVE,Lakeland,33810,,,CCC1333730,Active,,DBPR,"DBPR-only record, not found on Google Maps - verify still operating"
QUICK QUOTE ROOFING LLC,"CRIDLIN, MARK D",DBPR qualifier,,,,6032 MALCOMB DR,Lakeland,33813,,,CCC1332836,Active,,DBPR,"DBPR-only record, not found on Google Maps - verify still operating"
PREMIUM ROOFING SYSTEMS LLC,"GILLIGAN, DANIEL STEPHAN",DBPR qualifier,,,,6011 ALLEN LN,Lakeland,33811,,,CCC1333047,Active,,DBPR,"DBPR-only record, not found on Google Maps - verify still operating"
ROOF TOP EXPERTS LLC,"MARTINEZ, MATTHEW R",DBPR qualifier,,,,316 AVE A WAHNETA E,Winter Haven,33880,,,CCC1333316,Active,,DBPR,"DBPR-only record, not found on Google Maps - verify still operating"
"MENCHACA, PAULINA","MENCHACA, PAULINA",DBPR qualifier,,,,1401 TIGER LAKE RD,Lake Wales,33898,,,CCC1333101,Inactive,,DBPR,"DBPR license inactive; DBPR-only record, not found on Google Maps - verify still operating"
PRIME CHOICE ROOFING LLC,"CENDEJAS, ROBERTO CARLOS SR",DBPR qualifier,,,,6850  STATE ROAD 544 E,Haines City,33844,,,CCC1333105,Active,,DBPR,"DBPR-only record, not found on Google Maps - verify still operating"
"DRIESLER CONSTRUCTION, LLC","DRIESLER, JAKE AUSTIN",DBPR qualifier,,,,119  LAKE CALOOSA LANDING,Frostproof,33843,,,CCC1334795,Active,,DBPR,"DBPR-only record, not found on Google Maps - verify still operating"
CUSTOM RENOVATIONS LLC,"HAMILTON, DENNIS KEITH",DBPR qualifier,,,,4503 HILLMAN LANE,Lakeland,33813,,,CCC1333310,Active,,DBPR,"DBPR-only record, not found on Google Maps - verify still operating"
"DEAN, GEORGE RYAN","DEAN, GEORGE RYAN",DBPR qualifier,,,,3909 BERKLEY RD,Auburndale,33823,,,CCC1333393,Inactive,,DBPR,"DBPR license inactive; DBPR-only record, not found on Google Maps - verify still operating"
"A. F. NEAL CONSTRUCTION, INC","NEAL, ADRIAN F",DBPR qualifier,,,,2158 HADLEY RD,Bartow,33830,,,CCC1333386,Active,,DBPR,"DBPR-only record, not found on Google Maps - verify still operating"
WEST FLORIDA ROOFING LLC,"DUGGAN, PATRICK JOSEPH",DBPR qualifier,,,,5114 KIRKLAND RD,Lakeland,33811,,,CCC1333786,Active,,DBPR,"DBPR-only record, not found on Google Maps - verify still operating"
STORM READY ROOFING & CONSTRUCTION LLC,"GRAY, TRENTON DANTE",DBPR qualifier,,,,1038 #104 RETREAT DRIVE,Bartow,33830,,,CCC1335992,Active,,DBPR,"DBPR-only record, not found on Google Maps - verify still operating"
UNITED ROOFING & MAINTENANCE LLC,"CRISTO, KEVIN",DBPR qualifier,,,,1666 DELIGHTFUL DR,Davenport,33896,,,CCC1333743,Active,,DBPR,"DBPR-only record, not found on Google Maps - verify still operating"
HARMON'S SERVICES LLC,"HARMON, MICHAEL KEITH",DBPR qualifier,,,,111 6TH AVE SE,Mulberry,33860,,,RC29027832,Active,,DBPR,"DBPR-only record, not found on Google Maps - verify still operating"
"WIENER DOG ROOFING, LLC","WASSON, ERIC DAVID",DBPR qualifier,,,,1438 MOCKINGBIRD LANE,Lakeland,33801,,,CCC1334263,Active,,DBPR,"DBPR-only record, not found on Google Maps - verify still operating"
MICHAEL KNUDSTRUP LLC,"KNUDSTRUP, MICHAEL DAVID",DBPR qualifier,,,,2224 FLAMING ARROW DRIVE,Lakeland,33813,,,CCC1333885,Active,,DBPR,"DBPR-only record, not found on Google Maps - verify still operating"
"ROOFING KING,L.L.C.","MELE, BRANDON JOSUHA",DBPR qualifier,,,,5805 FLOY DRIVE,Lakeland,33810,,,CCC1334564,Active,,DBPR,"DBPR-only record, not found on Google Maps - verify still operating"
PARADISE ROOFING SERVICE LLC,"FRANK, THOMAS",DBPR qualifier,,,,2370 LANCASHIRE ST,Davenport,33896,,,CCC1334459,Active,,DBPR,"DBPR-only record, not found on Google Maps - verify still operating"
FORTUNE EAGLE CONSTRUCTION LLC,"ALVES, CLAUDIO RAFAEL SR",DBPR qualifier,,,,279 WILLOW BEND DR,Davenport,33897,,,CCC1336127,Active,,DBPR,"DBPR-only record, not found on Google Maps - verify still operating"
"PLATINUM SERVICES GROUP, LLC","LA PORTE, RENE",DBPR qualifier,,,,6043 US HWY 17-92 NORTH,Davenport,33896,,,CCC1334611,Active,,DBPR,"DBPR-only record, not found on Google Maps - verify still operating"
ROOF RIGHT BY HARPER LLC,"HARPER, PAUL SEAN",DBPR qualifier,,,,1420 S FLORIDA AVE,Lakeland,33803,,,CCC1335576,Active,,DBPR,"DBPR-only record, not found on Google Maps - verify still operating"
"HARRIS CONSTRUCTION SERVICES, LLC","HARRIS, JIMMY",DBPR qualifier,,,,6534 EVERGREEN PARK DRIVE,Lakeland,33813,,,CCC1334913,Active,,DBPR,"DBPR-only record, not found on Google Maps - verify still operating"
PEDRO'S ROOFING,"PAPP, JONATHAN JASON",DBPR qualifier,,,,747 LAKE CLARK COURT,Lakeland,33813,,,CCC1334556,Active,,DBPR,"DBPR-only record, not found on Google Maps - verify still operating"
JDW CONTRACTORS LLC,"WRIGHT, JONATHAN D SR",DBPR qualifier,,,,2404  GRESS LANE,Lakeland,33805,,,CCC1335095,Active,,DBPR,"DBPR-only record, not found on Google Maps - verify still operating"
MAHAN CONSTRUCTION OF POLK COUNTY INC.,"MAHAN, CHRISTOPHER MARK",DBPR qualifier,,,,PO BOX 3542,Winter Haven,33885,,,RC29027865,Active,,DBPR,"DBPR-only record, not found on Google Maps - verify still operating"
"RED FEATHER ROOFING AND SHEET METAL, LLC","LEGGETT, CHRISTOPHER LEE",DBPR qualifier,,,,457 OAKLANDING BLVD,Mulberry,33860,,,CCC1336698,Active,,DBPR,"DBPR-only record, not found on Google Maps - verify still operating"
PREMIER CONSTRUCTION LLC,"CARREROU, PETER O III",DBPR qualifier,,,,1136 1ST STREET SOUTH,Winter Haven,33880,,,CCC1337610,Active,,DBPR,"DBPR-only record, not found on Google Maps - verify still operating"
"ESTERLINE CONSTRUCTION, INC.","ESTERLINE, DANIEL M",DBPR qualifier,,,,940 LAKE HOLLINGSWORTH DRIVE,Lakeland,33803,,,CCC1337005,Active,,DBPR,"DBPR-only record, not found on Google Maps - verify still operating"
SWAN CITY ROOFING LLC,"BRYANT, JASON ANDREW",DBPR qualifier,,,,6017 PIER PLACE DR.,Lakeland,33813,,,CCC1336288,Active,,DBPR,"DBPR-only record, not found on Google Maps - verify still operating"
PLATINUM ROOFING COMPANY,"ALDACO, JOSE JUAN JR",DBPR qualifier,,,,1313 CYPRESS RIDGE LOOP,Lake Alfred,33850,,,CCC1337016,Active,,DBPR,"DBPR-only record, not found on Google Maps - verify still operating"
"UPTHEGROVE EXTERIORS, LLC","UPTHEGROVE, CHRISTOPHER HUNTER",DBPR qualifier,,,,4798 S FLORIDA AVE #182,Lakeland,33813,,,CCC1336149,Active,,DBPR,"DBPR-only record, not found on Google Maps - verify still operating"
"SWONGER, KYLE PHILLIP","SWONGER, KYLE PHILLIP",DBPR qualifier,,,,1075 W LAKE HAMILTON DRIVE,Winter Haven,33881,,,CCC1336176,Inactive,,DBPR,"DBPR license inactive; DBPR-only record, not found on Google Maps - verify still operating"
THE HUMBLE ROOFING AND REAL STATE LLC,"HARRISON, ROY G",DBPR qualifier,,,,321 ORANGE ST,Auburndale,33823,,,CCC1335375,Active,,DBPR,"DBPR-only record, not found on Google Maps - verify still operating"
"METALMAX BUILDINGS, INC.","BROGEN, JAMES BRIAN",DBPR qualifier,,,,6355 BETHLEHEM ROAD,Mulberry,33860-9034,,,CCC1335668,Active,,DBPR,"DBPR-only record, not found on Google Maps - verify still operating"
1ST FLORIDA ROOFING,"MURPHY, ROBERT JOHN",DBPR qualifier,,,,501 RIDGE VIEW DRIVE,Davenport,33837,,,CCC1336325,Active,,DBPR,"DBPR-only record, not found on Google Maps - verify still operating"
"ZMC ROOFING, LLC","WHITENER, WILLIAM SCOTT",DBPR qualifier,,,,1601 TAYLOR ROAD,Bartow,33830,,,CCC1335909,Active,,DBPR,"DBPR-only record, not found on Google Maps - verify still operating"
BLACK OX CONSTRUCTION LLC,"VELASQUEZ, EDUARDO",DBPR qualifier,,,,2359 GERBER DAIRY RD,Winter Haven,33880-5860,,,CCC1335626,Active,,DBPR,"DBPR-only record, not found on Google Maps - verify still operating"
RB&B ROOFING LLC,"BELMONTES, ROBERTO LOUIS",DBPR qualifier,,,,P.O. BOX 1405,Auburndale,33823,,,CCC1336072,Active,,DBPR,"DBPR-only record, not found on Google Maps - verify still operating"
"GREEN CONSTRUCTION SERVICES, LLC","PURCELL, NATHAN THOMAS",DBPR qualifier,,,,6832 CRESCENT OAKS CIRCLE,Lakeland,33813,,,CCC1336289,Active,,DBPR,"DBPR-only record, not found on Google Maps - verify still operating"
CIMA BUILDING SOLUTIONS INC.,"REYNOSO, JUAN MANUEL",DBPR qualifier,,,,4516 PENKERT PL,Lakeland,33811,,,CCC1336363,Active,,DBPR,"DBPR-only record, not found on Google Maps - verify still operating"
FLORIDA EXTERIOR - INTERIOR CONTRACTING GROUP LLC,"COVELLI, DANIEL BENJAMIN",DBPR qualifier,,,,671  THOUSAND OAKS BLVD,Davenport,33896,,,CCC1336275,Active,,DBPR,"DBPR-only record, not found on Google Maps - verify still operating"
"KCD ROOFING, LLC","BRINK, KENT",DBPR qualifier,,,,1203 LYNCHBURG ROAD,Lake Alfred,33850,,,CCC1337338,Active,,DBPR,"DBPR-only record, not found on Google Maps - verify still operating"
"EMC HOME REMODELING, INC.","MCCOY, ERIC VINCENT",DBPR qualifier,,,,545 AVE I SE,Winter Haven,33880,,,CCC1336261,Active,,DBPR,"DBPR-only record, not found on Google Maps - verify still operating"
UMBRELLA PROPERTY SOLUTIONS,"BELLI, RANDY VAHIT",DBPR qualifier,,,,1732 ATHENS COURT,Lakeland,33803,,,CCC1336526,Active,,DBPR,"DBPR-only record, not found on Google Maps - verify still operating"
HAMILTON & SONS ROOFING LLC,"HAMILTON, WILLIAM DONALD",DBPR qualifier,,,,7623 LEWIS RD,Lakeland,33810,,,CCC1336318,Active,,DBPR,"DBPR-only record, not found on Google Maps - verify still operating"
"PRECISION ROOFING SOLUTIONS, INC.","DENNY, TAD ALLEN",DBPR qualifier,,,,1753 SHERWOOD LAKES BOULEVARD,Lakeland,33809,,,CCC1337854,Active,,DBPR,"DBPR-only record, not found on Google Maps - verify still operating"
47TH ROOFING LLC,"BELCHER, LUKAS VAUGHN",DBPR qualifier,,,,331 NORTH CLEVELAND AVENUE,Fort Meade,33841,,,CCC1337175,Active,,DBPR,"DBPR-only record, not found on Google Maps - verify still operating"
PROFORMANCE BUILDER SOLUTIONS,"LEO, JUSTIN ANTHONY",DBPR qualifier,,,,136 MARYLEE LANE,Auburndale,33823,,,CCC1337295,Active,,DBPR,"DBPR-only record, not found on Google Maps - verify still operating"
"UNIVERSAL ROOFING & CONSTRUCTION, LLC","WALSH, JONATHON",DBPR qualifier,,,,23781 US HIGHWAY 27,Lake Wales,33859,,,CCC1336967,Active,,DBPR,"DBPR-only record, not found on Google Maps - verify still operating"
RIVER MOUNTAIN METAL ROOFING,"SAMPATH, RYAN",DBPR qualifier,,,,3009 BROOKS ST. UNIT 4-5,Lakeland,33803,,,CCC1337311,Active,,DBPR,"DBPR-only record, not found on Google Maps - verify still operating"
DENALI COMPLETE CONSTRUCTION,"HAGAN, SHANON ANDREW",DBPR qualifier,,,,149 WATERVIEW CIRCLE,Auburndale,33823,,,CCC1337511,Active,,DBPR,"DBPR-only record, not found on Google Maps - verify still operating"
ROSS ROOFING AND RESTORATION LLC,"BOUTHNER, TANESHA LASHAY",DBPR qualifier,,,,570  BROOKESHIRE DR,Davenport,33837,,,CCC1337067,Active,,DBPR,"DBPR-only record, not found on Google Maps - verify still operating"
BLACK OX ROOFING LLC,"ZAVALA CAMARILLO, JAVIER",DBPR qualifier,,,,730 FORREST DRIVE,Bartow,33830,,,CCC1337572,Active,,DBPR,"DBPR-only record, not found on Google Maps - verify still operating"
"E & J ROOFING, LLC","REID-WILLIAMSON, ELSIE",DBPR qualifier,,,,1168 DEEPWATER CIR,Eagle Lake,33839,,,CCC1337105,Active,,DBPR,"DBPR-only record, not found on Google Maps - verify still operating"
"WATCHMEN CONSTRUCTION GROUP, LLC","WALSH, JONATHON",DBPR qualifier,,,,23781 US HIGHWAY 27,Lake Wales,33859,,,CCC1337277,Active,,DBPR,"DBPR-only record, not found on Google Maps - verify still operating"
"TITAN BLUE VENTURES, LLC","PFANTZ, ROBERT GAGE",DBPR qualifier,,,,106 ANARECE AVE,Auburndale,33823,,,CCC1337399,Active,,DBPR,"DBPR-only record, not found on Google Maps - verify still operating"
HIGH END ROOFING LLC,"SALGADO - REYNOSO, DAVID",DBPR qualifier,,,,619 GERBER DAIRY RD,Winter Haven,33880,,,CCC1337934,Active,,DBPR,"DBPR-only record, not found on Google Maps - verify still operating"
HANCOCK REMODELING AND CONSTRUCTION LLC,"HANCOCK, THOMAS JOHN",DBPR qualifier,,,,811 WOODMONT LANE,Lakeland,33813,,,CCC1337796,Active,,DBPR,"DBPR-only record, not found on Google Maps - verify still operating"
HARVEY K&K COMPANY LLC,"CARRENO ARREDONDO, HARVEY ROBERTO SR",DBPR qualifier,,,,238 N MASSACHUSETTS AVE,Lakeland,33801,,,CCC1337606,Active,,DBPR,"DBPR-only record, not found on Google Maps - verify still operating"
